id,family,genus,species,location,weight,tl,sl,delta15N,troph
MOO18_F061,Balistidae,Melichthys,Melichthys niger,Moorea,203.4,210,150,9.1,2.73
MOO18_F062,Chaetodontidae,Chaetodon,Chaetodon ornatissimus,Moorea,83.1,138,120,9.96,3.34
MOO18_F064,Chaetodontidae,Chaetodon,Chaetodon ornatissimus,Moorea,93,141,120,9.3,3.34
MOO18_F066,Acanthuridae,Naso,Naso lituratus,Moorea,225.4,220,180,6.32,2.32
MOO18_F067,Acanthuridae,Acanthurus,Acanthurus guttatus,Moorea,206.9,198,165,6.85,2
MOO18_F068,Monacanthidae,Cantherhines,Cantherhines sandwichiensis,Moorea,66.1,145,130,8.74,2.66
MOO18_F069,Balistidae,Melichthys,Melichthys vidua,Moorea,310,225,180,9.83,3.38
MOO18_F070,Serranidae,Cephalopholis,Cephalopholis argus,Moorea,154.2,210,183,11.28,4.16
MOO18_F072,Zanclidae,Zanclus,Zanclus cornutus,Moorea,127,170,140,9.39,2.49
MOO18_F074,Zanclidae,Zanclus,Zanclus cornutus,Moorea,76.4,146,125,9.48,2.49
MOO18_F075,Acanthuridae,Acanthurus,Acanthurus triostegus,Moorea,71.3,155,120,7.74,2.78
MOO18_F076,Serranidae,Epinephelus,Epinephelus hexagonatus,Moorea,96,182,159,11.49,4.05
MOO18_F077,Chaetodontidae,Chaetodon,Chaetodon reticulatus,Moorea,53.5,118,92,9.32,2.63
MOO18_F079,Acanthuridae,Acanthurus,Acanthurus lineatus,Moorea,70.8,160,120,6.15,2
MOO18_F080,Cirrhitidae,Paracirrhites,Paracirrhites hemistictus,Moorea,93.7,162,141,11.54,3.83
MOO18_F082,Chaetodontidae,Chaetodon,Chaetodon auriga,Moorea,130.5,190,150,11.93,3.13
MOO18_F083,Cirrhitidae,Paracirrhites,Paracirrhites hemistictus,Moorea,174.6,210,180,11.42,3.83
MOO18_F084,Zanclidae,Zanclus,Zanclus cornutus,Moorea,98.1,170,125,8.67,2.49
MOO18_F085,Balistidae,Melichthys,Melichthys niger,Moorea,204.1,224,192,9.38,2.73
MOO18_F087,Cirrhitidae,Paracirrhites,Paracirrhites hemistictus,Moorea,142.3,202,170,11.53,3.83
MOO18_F089,Balistidae,Melichthys,Melichthys vidua,Moorea,160,180,150,9.57,3.38
MOO18_F090,Lutjanidae,Lutjanus,Lutjanus fulvus,Moorea,207.9,239,182,10.78,3.66
MOO18_F091,Holocentridae,Sargocentron,Sargocentron tiere,Moorea,163.2,221,183,11.17,4.18
MOO18_F093,Mullidae,Parupeneus,Parupeneus insularis,Moorea,93.3,187,148,10.25,3.88
MOO18_F095,Acanthuridae,Acanthurus,Acanthurus achilles,Moorea,163.8,210,150,7.41,2
MOO18_F096,Acanthuridae,Naso,Naso lituratus,Moorea,292,323,189,7.54,2.32
MOO18_F097,Acanthuridae,Acanthurus,Acanthurus olivaceus,Moorea,154.4,230,180,7.1,2.26
MOO18_F100,Acanthuridae,Acanthurus,Acanthurus achilles,Moorea,211.6,215,160,7.42,2
MOO18_F101,Acanthuridae,Acanthurus,Acanthurus guttatus,Moorea,126.6,161,126,8,2
MOO18_F102,Acanthuridae,Acanthurus,Acanthurus lineatus,Moorea,130,195,145,6.5,2
MOO18_F104,Aulostomidae,Aulostomus,Aulostomus chinensis,Moorea,122.3,425,403,9.97,4.24
MOO18_F105,Apogonidae,Cheilodipterus ,Cheilodipterus macrodon,Moorea,120.7,216,159,12.11,4.01
MOO18_F106,Chaetodontidae,Heniochus,Heniochus chrysostomus,Moorea,55.5,135,108,10.04,3.34
MOO18_F108,Chaetodontidae,Heniochus,Heniochus chrysostomus,Moorea,40.9,115,104,9.61,3.34
MOO18_F109,Ostraciidae,Ostracion,Ostracion cubicus,Moorea,306.6,244,195,8.73,3.37
MOO18_F110,Mullidae,Parupeneus,Parupeneus multifasciatus,Moorea,68.7,171,128,8.98,3.61
MOO18_F111,Chaetodontidae,Chaetodon,Chaetodon lunulatus,Moorea,41.9,115,105,9.81,3.34
MOO18_F112,Chaetodontidae,Chaetodon,Chaetodon vagabundus,Moorea,81.6,150,124,10.38,2.9
MOO18_F113,Holocentridae,Myripristis,Myripristis kuntee,Moorea,42.2,142,103,10.37,3.1
MOO18_F114,Balistidae,Melichthys,Melichthys vidua,Moorea,301.9,222,186,7.41,3.38
MOO18_F115,Holocentridae,Myripristis,Myripristis kuntee,Moorea,43.1,139,99,9.81,3.1
MOO18_F116,Chaetodontidae,Chaetodon,Chaetodon ephippium,Moorea,144.8,194,158,9.8,3.01
MOO18_F117,Pomacentridae,Dascyllus,Dascyllus flavicaudus,Moorea,23.1,96,78,9.39,2.94
MOO18_F118,Holocentridae,Neoniphon,Neoniphon sammara,Moorea,35.2,141,103,10,3.37
MOO18_F119,Chaetodontidae,Chaetodon,Chaetodon lunulatus,Moorea,27.9,113,94,9.03,3.34
MOO18_F120,Pomacentridae,Dascyllus,Dascyllus flavicaudus,Moorea,31.4,102,82,9.6,2.94
MOO18_F123,Acanthuridae,Naso,Naso lituratus,Moorea,117.3,195,155,7.39,2.32
MOO18_F124,Cirrhitidae,Paracirrhites,Paracirrhites hemistictus,Moorea,102.9,184,147,11.01,3.83
MOO18_F126,Mullidae,Parupeneus,Parupeneus multifasciatus,Moorea,177.4,227,180,10.75,3.61
MOO18_F127,Chaetodontidae,Chaetodon,Chaetodon reticulatus,Moorea,56.4,122,105,10.26,2.63
MOO18_F130,Serranidae,Cephalopholis,Cephalopholis urodeta,Moorea,92.4,191,160,12.2,4.02
MOO18_F131,Labridae,Scarus,Scarus psittacus,Moorea,182.2,217,162,6.09,2
MOO18_F132,Labridae,Halichoeres,Halichoeres hortulanus,Moorea,174.8,256,192,9.08,3.4
MOO18_F133,Labridae,Scarus,Scarus globiceps,Moorea,137,196,169,5.01,2
MOO18_F134,Chaetodontidae,Chaetodon,Chaetodon ephippium,Moorea,146.2,190,144,9.91,3.01
MOO18_F135,Labridae,Coris,Coris aygula,Moorea,107.3,197,159,7.49,3.73
MOO18_F137,Pomacentridae,Abudefduf,Abudefduf septemfasciatus,Moorea,158.6,184,149,8.65,3.01
MOO18_F138,Labridae,Cheilinus,Cheilinus trilobatus,Moorea,90.5,196,154,9.42,3.92
MOO18_F139,Labridae,Halichoeres,Halichoeres trimaculatus,Moorea,63.7,166,133,8.77,3.46
MOO18_F140,Labridae,Halichoeres,Halichoeres trimaculatus,Moorea,132.2,140,120,8.58,3.46
MOO18_F141,Labridae,Halichoeres,Halichoeres hortulanus,Moorea,57.8,164,133,9.32,3.4
MOO18_F142,Chaetodontidae,Heniochus,Heniochus chrysostomus,Moorea,70.2,125,111,10.74,3.34
MOO18_F143,Mullidae,Parupeneus,Parupeneus multifasciatus,Moorea,370,298,235,11.65,3.61
MOO18_F144,Acanthuridae,Acanthurus,Acanthurus lineatus,Moorea,216.2,252,183,7.51,2
MOO18_F146,Cirrhitidae,Paracirrhites,Paracirrhites hemistictus,Moorea,135.2,196,161,11.6,3.83
MOO18_F147,Balistidae,Sufflamen,Sufflamen bursa,Moorea,45.7,125,97,10.5,3.36
MOO18_F150,Holocentridae,Sargocentron,Sargocentron tiere,Moorea,328.2,275,192,12.25,4.18
MOO18_F152,Balistidae,Sufflamen,Sufflamen bursa,Moorea,36.6,118,90,10.02,3.36
MOO18_F155,Tetraodontidae,Arothron,Arothron meleagris,Moorea,254.7,194,140,9.58,3.06
MOO18_F157,Serranidae,Epinephelus,Epinephelus hexagonatus,Moorea,182.4,223,179,11.71,4.05
MOO18_F158,Acanthuridae,Naso,Naso lituratus,Moorea,168.9,210,157,6.97,2.32
MOO18_F159,Serranidae,Epinephelus,Epinephelus hexagonatus,Moorea,45.9,152,130,10.37,4.05
MOO18_F160,Tetraodontidae,Arothron,Arothron meleagris,Moorea,408.8,227,181,9.56,3.06
MOO18_F162,Acanthuridae,Acanthurus,Acanthurus guttatus,Moorea,114.7,165,132,7.92,2
MOO18_F163,Balistidae,Balistapus,Balistapus undulatus,Moorea,145.2,183,142,11.41,3.37
MOO18_F166,Holocentridae,Neoniphon,Neoniphon argenteus,Moorea,68.3,180,139,9.73,3.96
MOO18_F167,Pomacanthidae,Pygoplites,Pygoplites diacanthus,Moorea,119.3,170,136,12.16,2.69
MOO18_F168,Chaetodontidae,Forcipiger,Forcipiger flavissimus,Moorea,42.6,156,129,11.47,3.38
MOO18_F169,Pomacanthidae,Pygoplites,Pygoplites diacanthus,Moorea,176.6,190,161,12.38,2.69
MOO18_F173,Lutjanidae,Lutjanus,Lutjanus fulvus,Moorea,75.8,173,131,11.4,3.66
MOO18_F174,Acanthuridae,Acanthurus,Acanthurus pyroferus,Moorea,61.7,152,108,7.82,2
MOO18_F175,Lutjanidae,Lutjanus,Lutjanus fulvus,Moorea,80.5,181,139,11.58,3.66
MOO18_F177,Labridae,Cheilinus,Cheilinus chlorourus,Moorea,77.1,166,125,10.75,3.46
MOO18_F178,Balistidae,Sufflamen,Sufflamen bursa,Moorea,113.8,174,134,10.31,3.36
MOO18_F179,Scorpaenidae,Pterois,Pterois radiata,Moorea,30.5,131,99,11.14,3.57
MOO18_F180,Pomacentridae,Abudefduf,Abudefduf sexfasciatus,Moorea,76.3,165,128,10.48,2.7
MOO18_F181,Chaetodontidae,Forcipiger,Forcipiger flavissimus,Moorea,43.3,150,122,11.51,3.38
MOO18_F182,Lethrinidae,Monotaxis,Monotaxis grandoculis,Moorea,63.2,162,114,9.73,3.4
MOO18_F183,Pomacentridae,Dascyllus,Dascyllus trimaculatus,Moorea,46.7,124,102,9.91,2.8
MOO18_F184,Holocentridae,Neoniphon,Neoniphon sammara,Moorea,50.2,170,135,10.74,3.37
MOO18_F185,Holocentridae,Myripristis,Myripristis kuntee,Moorea,56.1,152,107,10.74,3.1
MOO18_F186,Diodontidae,Diodon,Diodon hystrix,Moorea,849.1,340,275,11.33,3.61
MOO18_F188,Aulostomidae,Aulostomus,Aulostomus chinensis,Moorea,197.1,499,447,9.87,4.24
MOO18_F193,Labridae,Halichoeres,Halichoeres hortulanus,Moorea,249.8,261,200,8.69,3.4
MOO18_F195,Labridae,Halichoeres,Halichoeres hortulanus,Moorea,158.2,212,190,8.6,3.4
MOO18_F196,Labridae,Epibulus,Epibulus insidiator,Moorea,243.1,264,182,10.53,4.01
MOO18_F197,Lethrinidae,Monotaxis,Monotaxis grandoculis,Moorea,116.1,201,154,8.08,3.4
MOO18_F198,Balistidae,Rhinecanthus,Rhinecanthus aculeatus,Moorea,201.5,205,185,8.12,3.22
MOO18_F199,Labridae,Gomphosus,Gomphosus varius,Moorea,94.2,224,183,8.74,3.5
MOO18_F200,Pomacentridae,Stegastes,Stegastes nigricans,Moorea,49.1,120,98,8.33,2.93
MOO18_F201,Holocentridae,Myripristis,Myripristis berndti,Moorea,163.4,212,174,10.81,3.72
MOO18_F204,Labridae,Thalassoma,Thalassoma hardwicke,Moorea,67.6,174,125,8.95,3.5
MOO18_F205,Tetraodontidae,Canthigaster,Canthigaster valentini,Moorea,16.8,89,68,8.2,2.84
MOO18_F206,Pinguipedidae,Parapercis,Parapercis millepunctata,Moorea,26.7,145,122,8.97,3.63
MOO18_F207,Pinguipedidae,Parapercis,Parapercis millepunctata,Moorea,21.2,143,121,8.88,3.63
MOO18_F209,Acanthuridae,Acanthurus,Acanthurus guttatus,Moorea,169.5,175,140,6.32,2
MOO18_F210,Pomacanthidae,Centropyge,Centropyge loriculus,Moorea,7.9,64,49,9.25,2.78
MOO18_F212,Acanthuridae,Acanthurus,Acanthurus nigricans,Moorea,81.5,149,120,7.61,2
MOO18_F213,Labridae,Coris,Coris gaimard,Moorea,237.4,222,188,11.33,3.4
MOO18_F214,Acanthuridae,Acanthurus,Acanthurus nigricans,Moorea,121.1,184,141,7.24,2
MOO18_F215,Serranidae,Pseudanthias,Pseudanthias pascalus,Moorea,17.4,130,84,9.08,3.33
MOO18_F216,Chaetodontidae,Chaetodon,Chaetodon lunula,Moorea,133.2,169,140,10.15,2.99
MOO18_F217,Chaetodontidae,Chaetodon,Chaetodon reticulatus,Moorea,59.1,123,109,9.68,2.63
MOO18_F218,Cirrhitidae,Paracirrhites,Paracirrhites forsteri,Moorea,81.8,174,135,12.3,4.3
MOO18_F219,Lethrinidae,Monotaxis,Monotaxis grandoculis,Moorea,240.1,158,195,11.42,3.4
MOO18_F220,Labridae,Epibulus,Epibulus insidiator,Moorea,279.6,300,220,12.08,4.01
MOO18_F221,Cirrhitidae,Paracirrhites,Paracirrhites hemistictus,Moorea,132.2,189,146,11.22,3.83
MOO18_F224,Labridae,Hemigymnus,Hemigymnus fasciatus,Moorea,151.2,195,178,10.66,3.5
MOO18_F225,Labridae,Anampses,Anampses caeruleopunctatus,Moorea,41.6,148,123,8.53,3.37
MOO18_F226,Serranidae,Cephalopholis,Cephalopholis urodeta,Moorea,73.9,170,134,11.38,4.02
MOO18_F227,Serranidae,Cephalopholis,Cephalopholis urodeta,Moorea,67.6,160,132,11.76,4.02
MOO18_F228,Labridae,Hemigymnus,Hemigymnus fasciatus,Moorea,39.9,145,120,10.15,3.5
MOO18_F229,Zanclidae,Zanclus,Zanclus cornutus,Moorea,104.7,161,124,10.3,2.49
MOO18_F231,Holocentridae,Sargocentron,Sargocentron spiniferum,Moorea,142.7,212,165,9.64,3.8
MOO18_F232,Acanthuridae,Acanthurus,Acanthurus nigrofuscus,Moorea,26.6,121,75,6.58,2
MOO18_F233,Holocentridae,Myripristis,Myripristis kuntee,Moorea,72.5,175,126,10.46,3.1
MOO18_F235,Holocentridae,Neoniphon,Neoniphon sammara,Moorea,70.1,181,141,9.37,3.37
MOO18_F236,Holocentridae,Myripristis,Myripristis kuntee,Moorea,85.3,178,127,10.39,3.1
MOO18_F237,Holocentridae,Neoniphon,Neoniphon sammara,Moorea,103.7,189,152,9.97,3.37
MOO18_F238,Holocentridae,Myripristis,Myripristis violacea,Moorea,98.5,170,125,10.49,3.45
MOO18_F241,Mullidae,Parupeneus,Parupeneus multifasciatus,Moorea,107.3,214,159,9.32,3.61
MOO18_F243,Mullidae,Parupeneus,Parupeneus multifasciatus,Moorea,132.6,220,190,9.98,3.61
MOO18_F244,Mullidae,Mulloidichthys,Mulloidichthys flavolineatus,Moorea,147.5,253,184,9.72,3.47
MOO18_F245,Lethrinidae,Gnathodentex,Gnathodentex aureolineatus,Moorea,136.3,311,151,9.32,3.65
MOO18_F247,Labridae,Epibulus,Epibulus insidiator,Moorea,183.4,238,173,10.21,4.01
MOO18_F248,Labridae,Thalassoma,Thalassoma hardwicke,Moorea,103.9,197,145,8.45,3.5
MOO18_F251,Acanthuridae,Naso,Naso lituratus,Moorea,253.1,350,200,6.74,2.32
MOO18_F253,Balistidae,Sufflamen,Sufflamen bursa,Moorea,76.7,160,130,10.83,3.36
MOO18_F254,Chaetodontidae,Chaetodon,Chaetodon ornatissimus,Moorea,69.9,126,102,9.69,3.34
MOO18_F259,Balistidae,Melichthys,Melichthys vidua,Moorea,282.6,205,162,9.2,3.38
MOO18_F260,Balistidae,Melichthys,Melichthys niger,Moorea,342.8,239,187,9.09,2.73
MOO18_F262,Labridae,Coris,Coris gaimard,Moorea,117.4,215,176,11.25,3.4
MOO18_F263,Balistidae,Melichthys,Melichthys vidua,Moorea,158.9,176,134,9.87,3.38
MOO18_F265,Cirrhitidae,Paracirrhites,Paracirrhites hemistictus,Moorea,171.7,221,174,10.78,3.83
MOO18_F270,Labridae,Gomphosus,Gomphosus varius,Moorea,111.2,212,168,10.77,3.5
MOO18_F271,Cirrhitidae,Paracirrhites,Paracirrhites hemistictus,Moorea,157.1,215,185,10.67,3.83
MOO18_F274,Zanclidae,Zanclus,Zanclus cornutus,Moorea,96.9,160,130,9.89,2.49
MOO18_F276,Chaetodontidae,Forcipiger,Forcipiger flavissimus,Moorea,55.1,176,142,9.34,3.38
MOO18_F277,Chaetodontidae,Chaetodon,Chaetodon vagabundus,Moorea,74.2,149,119,10.1,2.9
MOO18_F279,Lethrinidae,Gnathodentex,Gnathodentex aureolineatus,Moorea,161.8,226,166,9.33,3.65
MOO18_F281,Acanthuridae,Zebrasoma,Zebrasoma scopas,Moorea,121.7,175,140,5.84,2
MOO18_F282,Balistidae,Melichthys,Melichthys vidua,Moorea,296.7,225,179,9.63,3.38
MOO18_F284,Labridae,Halichoeres,Halichoeres hortulanus,Moorea,185.2,241,203,8.74,3.4
MOO18_F285,Mullidae,Parupeneus,Parupeneus multifasciatus,Moorea,67.3,174,129,8.89,3.61
MOO18_F286,Acanthuridae,Zebrasoma,Zebrasoma scopas,Moorea,125.9,175,140,6.19,2
MOO18_F287,Mullidae,Parupeneus,Parupeneus multifasciatus,Moorea,117.1,217,165,8.72,3.61
MOO18_F288,Chaetodontidae,Chaetodon,Chaetodon lunulatus,Moorea,43.98,120,100,10.06,3.34
MOO18_F289,Labridae,Halichoeres,Halichoeres hortulanus,Moorea,107.6,200,170,8.53,3.4
MOO18_F292,Holocentridae,Sargocentron,Sargocentron caudimaculatum,Moorea,89.4,180,137,10.6,3.89
MOO18_F294,Chaetodontidae,Chaetodon,Chaetodon ephippium,Moorea,101.5,182,146,10.33,3.01
MOO18_F295,Acanthuridae,Acanthurus,Acanthurus nigricans,Moorea,116.5,270,230,7.34,2
MOO18_F297,Acanthuridae,Acanthurus,Acanthurus pyroferus,Moorea,59.7,155,108,7.67,2
MOO18_F298,Acanthuridae,Acanthurus,Acanthurus nigricans,Moorea,134.1,171,138,6.85,2
MOO18_F299,Acanthuridae,Naso,Naso lituratus,Moorea,112.5,195,140,7.31,2.32
MOO18_F300,Chaetodontidae,Chaetodon,Chaetodon reticulatus,Moorea,48.3,119,97,9.85,2.63
MOO18_F301,Chaetodontidae,Chaetodon,Chaetodon reticulatus,Moorea,31.2,104,75,9.57,2.63
MOO18_F303,Serranidae,Cephalopholis,Cephalopholis urodeta,Moorea,97.5,185,160,11.85,4.02
MOO18_F304,Cirrhitidae,Paracirrhites,Paracirrhites hemistictus,Moorea,103.1,181,140,10.36,3.83
MOO18_F305,Balistidae,Melichthys,Melichthys niger,Moorea,220.7,202,165,9.88,2.73
MOO18_F306,Cirrhitidae,Paracirrhites,Paracirrhites hemistictus,Moorea,168.4,209,165,10.67,3.83
MOO18_F307,Labridae,Epibulus,Epibulus insidiator,Moorea,212.7,265,230,11.73,4.01
MOO18_F313,Serranidae,Cephalopholis,Cephalopholis urodeta,Moorea,89.6,181,142,11.33,4.02
MOO18_F314,Labridae,Gomphosus,Gomphosus varius,Moorea,66.5,192,156,11.38,3.5
MOO18_F316,Chaetodontidae,Chaetodon,Chaetodon quadrimaculatus,Moorea,42.9,110,88,10.49,3.55
MOO18_F317,Labridae,Chlorurus,Chlorurus spilurus,Moorea,293.2,237,182,6.71,2.12
MOO18_F318,Chaetodontidae,Chaetodon,Chaetodon ornatissimus,Moorea,80.8,134,110,10.28,3.34
MOO18_F320,Chaetodontidae,Chaetodon,Chaetodon reticulatus,Moorea,53.6,115,90,9.38,2.63
MOO18_F321,Chaetodontidae,Chaetodon,Chaetodon reticulatus,Moorea,55.5,121,100,9.37,2.63
MOO18_F322,Holocentridae,Sargocentron,Sargocentron spiniferum,Moorea,212,231,185,12.27,3.8
MOO18_F323,Holocentridae,Sargocentron,Sargocentron spiniferum,Moorea,348.4,260,220,12.26,3.8
MOO18_F324,Holocentridae,Sargocentron,Sargocentron spiniferum,Moorea,413.1,285,198,12.69,3.8
MOO18_F327,Balistidae,Melichthys,Melichthys niger,Moorea,289.6,240,172,9.68,2.73
MOO18_F331,Monacanthidae,Cantherhines,Cantherhines sandwichiensis,Moorea,77.8,161,125,9.13,2.66
MOO18_F332,Mullidae,Parupeneus,Parupeneus multifasciatus,Moorea,33.6,139,105,9.55,3.61
MOO18_F333,Labridae,Gomphosus,Gomphosus varius,Moorea,76,185,160,9.75,3.5
MOO18_F334,Tetraodontidae,Arothron,Arothron meleagris,Moorea,305.2,212,165,9.82,3.06
MOO18_F335,Lethrinidae,Monotaxis,Monotaxis grandoculis,Moorea,784.1,365,280,11.68,3.4
MOO18_F336,Serranidae,Cephalopholis,Cephalopholis argus,Moorea,187.3,210,180,11.64,4.16
MOO18_F338,Holocentridae,Sargocentron,Sargocentron tiere,Moorea,144.8,210,175,11.89,4.18
MOO18_F339,Serranidae,Cephalopholis,Cephalopholis urodeta,Moorea,87.9,176,141,12.12,4.02
MOO18_F340,Serranidae,Epinephelus,Epinephelus hexagonatus,Moorea,70.6,170,145,10.51,4.05
MOO18_F343,Fistulariidae,Fistularia,Fistularia commersonii,Moorea,223.5,745,630,10.62,4.28
MOO18_F344,Cirrhitidae,Paracirrhites,Paracirrhites hemistictus,Moorea,93.1,175,150,11.88,3.83
MOO18_F347,Scorpaenidae,Pterois,Pterois radiata,Moorea,28.2,117,85,9.39,3.57
MOO18_F349,Aulostomidae,Aulostomus,Aulostomus chinensis,Moorea,198.4,464,405,10.91,4.24
MOO18_F350,Serranidae,Cephalopholis,Cephalopholis argus,Moorea,254,248,198,11.36,4.16
MOO18_F351,Holocentridae,Sargocentron,Sargocentron microstoma,Moorea,59.4,159,130,11.11,3.61
MOO18_F352,Cirrhitidae,Paracirrhites,Paracirrhites forsteri,Moorea,93.7,170,135,11.39,4.3
MOO18_F353,Holocentridae,Sargocentron,Sargocentron tiere,Moorea,133.1,312,172,11.71,4.18
MOO18_F354,Holocentridae,Sargocentron,Sargocentron microstoma,Moorea,59.3,164,135,11.04,3.61
MOO18_F355,Holocentridae,Myripristis,Myripristis berndti,Moorea,127,195,154,10.63,3.72
MOO18_F358,Holocentridae,Myripristis,Myripristis kuntee,Moorea,87.6,162,108,10.84,3.1
MOO18_F362,Caesionidae,Pterocaesio,Pterocaesio tile,Moorea,243.5,255,192,9.31,3.33
MOO18_F363,Scorpaenidae,Pterois,Pterois radiata,Moorea,116.4,181,130,11.51,3.57
MOO18_F364,Lutjanidae,Aphareus,Aphareus furca,Moorea,504,330,250,11.54,4.14
MOO18_F365,Balistidae,Sufflamen,Sufflamen bursa,Moorea,78.1,150,130,10.59,3.36
MOO18_F366,Balistidae,Sufflamen,Sufflamen bursa,Moorea,60.8,138,118,10.49,3.36
MOO18_F367,Serranidae,Cephalopholis,Cephalopholis urodeta,Moorea,130.1,178,155,11.65,4.02
MOO18_F372,Chaetodontidae,Chaetodon,Chaetodon reticulatus,Moorea,45,120,95,9.31,2.63
MOO18_F374,Pomacentridae,Dascyllus,Dascyllus flavicaudus,Moorea,20,80,60,8.79,2.94
MOO18_F375,Chaetodontidae,Forcipiger,Forcipiger longirostris,Moorea,43,180,153,12.7,3.5
MOO18_F376,Pomacentridae,Dascyllus,Dascyllus flavicaudus,Moorea,21.4,95,70,9.29,2.94
MOO18_F377,Chaetodontidae,Chaetodon,Chaetodon reticulatus,Moorea,61.5,125,95,10.45,2.63
MOO18_F380,Chaetodontidae,Chaetodon,Chaetodon quadrimaculatus,Moorea,93.2,109,92,10.01,3.55
MOO18_F381,Serranidae,Cephalopholis,Cephalopholis urodeta,Moorea,35.2,105,82,11.45,4.02
MOO18_F382,Chaetodontidae,Chaetodon,Chaetodon pelewensis,Moorea,19.3,92,78,11.54,2.92
MOO18_F383,Pomacentridae,Dascyllus,Dascyllus flavicaudus,Moorea,39.8,110,85,9.69,2.94
MOO18_F385,Acanthuridae,Zebrasoma,Zebrasoma scopas,Moorea,60.7,137,96,5.99,2
MOO18_F387,Balistidae,Sufflamen,Sufflamen bursa,Moorea,107.1,164,125,11.61,3.36
MOO18_F389,Balistidae,Sufflamen,Sufflamen bursa,Moorea,110.2,169,132,11.27,3.36
MOO18_F396,Zanclidae,Zanclus,Zanclus cornutus,Moorea,80.5,155,124,10.37,2.49
MOO18_F398,Lutjanidae,Lutjanus,Lutjanus fulvus,Moorea,153.2,220,180,11.61,3.66
MOO18_F400,Labridae,Halichoeres,Halichoeres trimaculatus,Moorea,22.3,120,100,7.91,3.46
MOO18_F401,Chaetodontidae,Chaetodon,Chaetodon ephippium,Moorea,81.9,157,130,9.57,3.01
MOO18_F402,Mullidae,Parupeneus,Parupeneus multifasciatus,Moorea,177.2,240,195,11.39,3.61
MOO18_F404,Lutjanidae,Lutjanus,Lutjanus fulvus,Moorea,206.7,235,191,10.49,3.66
MOO18_F405,Labridae,Thalassoma,Thalassoma hardwicke,Moorea,73.2,170,140,8.93,3.5
MOO18_F406,Labridae,Thalassoma,Thalassoma hardwicke,Moorea,21.3,119,98,8.41,3.5
MOO18_F408,Labridae,Chlorurus,Chlorurus spilurus,Moorea,133.7,187,155,5.18,2.12
MOO18_F410,Holocentridae,Myripristis,Myripristis violacea,Moorea,136.1,180,145,10.47,3.45
MOO18_F412,Pomacanthidae,Centropyge,Centropyge flavissima,Moorea,26.8,101,84,9.36,2.75
MOO18_F413,Chaetodontidae,Chaetodon,Chaetodon vagabundus,Moorea,74.3,150,120,10.11,2.9
MOO18_F414,Chaetodontidae,Chaetodon,Chaetodon ephippium,Moorea,115.3,173,141,9.78,3.01
MOO18_F415,Holocentridae,Neoniphon,Neoniphon sammara,Moorea,123.2,220,190,9.74,3.37
MOO18_F418,Chaetodontidae,Heniochus,Heniochus chrysostomus,Moorea,35.8,110,90,9.02,3.34
MOO18_F420,Chaetodontidae,Heniochus,Heniochus chrysostomus,Moorea,46.2,115,95,8.76,3.34
MOO18_F423,Chaetodontidae,Chaetodon,Chaetodon lunulatus,Moorea,17.5,85,66,8.08,3.34
MOO18_F424,Holocentridae,Neoniphon,Neoniphon sammara,Moorea,86.5,185,142,9.32,3.37
MOO18_F427,Fistulariidae,Fistularia,Fistularia commersonii,Moorea,456,930,835,10.61,4.28
MOO18_F430,Scorpaenidae,Pterois,Pterois radiata,Moorea,100.1,197,155,10.77,3.57
MOO18_F432,Balistidae,Sufflamen,Sufflamen bursa,Moorea,117,182,141,10.39,3.36
MOO18_F434,Chaetodontidae,Forcipiger,Forcipiger flavissimus,Moorea,36.9,145,121,10.21,3.38
MOO18_F435,Pomacentridae,Dascyllus,Dascyllus flavicaudus,Moorea,33.9,110,90,10.18,2.94
MOO18_F436,Chaetodontidae,Heniochus,Heniochus chrysostomus,Moorea,54.8,135,117,11.01,3.34
MOO18_F437,Tetraodontidae,Arothron,Arothron meleagris,Moorea,NA,261,202,9.76,3.06
MOO18_F439,Mullidae,Parupeneus,Parupeneus multifasciatus,Moorea,102.6,200,160,9.89,3.61
MOO18_F441,Balistidae,Rhinecanthus,Rhinecanthus aculeatus,Moorea,132.2,182,152,8.88,3.22
MOO18_F442,Chaetodontidae,Chaetodon,Chaetodon vagabundus,Moorea,63.6,125,102,10.76,2.9
MOO18_F446,Serranidae,Epinephelus,Epinephelus merra,Moorea,121.5,210,175,10.74,4.38
MOO18_F447,Chaetodontidae,Chaetodon,Chaetodon vagabundus,Moorea,69.2,136,117,9.06,2.9
MOO18_F448,Pomacentridae,Stegastes,Stegastes nigricans,Moorea,49.5,120,95,6.88,2.93
MOO18_F451,Holocentridae,Neoniphon,Neoniphon sammara,Moorea,109.8,222,187,9.82,3.37
MOO18_F453,Balistidae,Balistapus,Balistapus undulatus,Moorea,179.8,187,145,8.62,3.37
MOO18_F458,Pinguipedidae,Parapercis,Parapercis millepunctata,Moorea,17.3,122,104,7.33,3.63
MOO18_F459,Chaetodontidae,Heniochus,Heniochus chrysostomus,Moorea,97,142,110,10.17,3.34
MOO18_F463,Chaetodontidae,Chaetodon,Chaetodon unimaculatus,Moorea,84.6,143,122,9.44,3.21
MOO18_F477,Scorpaenidae,Scorpaenopsis,Scorpaenopsis papuensis,Moorea,218.8,203,162,10.96,4.12
MOO18_F478,Pomacentridae,Dascyllus,Dascyllus trimaculatus,Moorea,46.4,120,92,8.92,2.8
MOO18_F479,Pomacentridae,Dascyllus,Dascyllus trimaculatus,Moorea,57.1,126,95,9.58,2.8
MOO18_F480,Lutjanidae,Lutjanus,Lutjanus kasmira,Moorea,251,264,195,10.75,3.78
MOO18_F481,Acanthuridae,Naso,Naso lituratus,Moorea,106.3,190,153,7.23,2.32
MOO18_F482,Lutjanidae,Lutjanus,Lutjanus kasmira,Moorea,141.4,221,175,11.29,3.78
MOO18_F483,Acanthuridae,Naso,Naso lituratus,Moorea,121.6,187,149,6.91,2.32
MOO18_F484,Chaetodontidae,Forcipiger,Forcipiger flavissimus,Moorea,47.1,160,136,10.15,3.38
MOO18_F485,Acanthuridae,Naso,Naso lituratus,Moorea,122.5,181,147,7.16,2.32
MOO18_F486,Chaetodontidae,Heniochus,Heniochus chrysostomus,Moorea,63.4,136,119,11.23,3.34
MOO18_F487,Aulostomidae,Aulostomus,Aulostomus chinensis,Moorea,76.5,365,307,9.24,4.24
MOO18_F488,Holocentridae,Sargocentron,Sargocentron tiere,Moorea,127.7,203,164,11.72,4.18
MOO18_F489,Chaetodontidae,Chaetodon,Chaetodon unimaculatus,Moorea,40.7,115,94,9.67,3.21
MOO18_F490,Chaetodontidae,Chaetodon,Chaetodon quadrimaculatus,Moorea,72.4,100,81,9.79,3.55
MOO18_F491,Chaetodontidae,Forcipiger,Forcipiger flavissimus,Moorea,37.7,150,124,11.17,3.38
MOO18_F492,Pomacentridae,Dascyllus,Dascyllus flavicaudus,Moorea,25.7,94,74,9.08,2.94
MOO18_F494,Pomacentridae,Dascyllus,Dascyllus flavicaudus,Moorea,30.9,106,82,9.48,2.94
MOO18_F495,Labridae,Calotomus,Calotomus carolinus,Moorea,NA,386,295,7.24,2
MOO18_F496,Acanthuridae,Acanthurus,Acanthurus triostegus,Moorea,76.9,156,124,7.56,2.78
MOO18_F497,Labridae,Calotomus,Calotomus carolinus,Moorea,NA,410,344,7.16,2
MOO18_F498,Pomacanthidae,Pygoplites,Pygoplites diacanthus,Moorea,189.3,191,151,10.2,2.69
MOO18_F500,Labridae,Scarus,Scarus schlegeli,Moorea,NA,271,235,6.46,2.75
MOO18_F501,Labridae,Halichoeres,Halichoeres hortulanus,Moorea,82.7,185,149,9.3,3.4
MOO18_F502,Labridae,Scarus,Scarus schlegeli,Moorea,NA,279,213,6.41,2.75
MOO18_F503,Chaetodontidae,Chaetodon,Chaetodon citrinellus,Moorea,25.6,109,88,9.51,2.98
MOO18_F504,Lutjanidae,Lutjanus,Lutjanus fulvus,Moorea,190.5,231,177,10.23,3.66
MOO18_F506,Labridae,Coris,Coris gaimard,Moorea,369.6,287,232,8.57,3.4
MOO18_F507,Carangidae,Scomberoides,Scomberoides lysan,Moorea,233,356,282,9.45,4.04
MOO18_F511,Labridae,Scarus,Scarus schlegeli,Moorea,NA,301,242,7.71,2.75
MOO18_F512,Lutjanidae,Lutjanus,Lutjanus kasmira,Moorea,294.3,265,214,10.73,3.78
MOO18_F517,Lutjanidae,Lutjanus,Lutjanus fulvus,Moorea,239.9,255,201,10.64,3.66
MOO18_F518,Acanthuridae,Acanthurus,Acanthurus achilles,Moorea,241.5,222,173,7.93,2
MOO18_F519,Acanthuridae,Acanthurus,Acanthurus guttatus,Moorea,143,167,128,7.09,2
MOO18_F520,Acanthuridae,Acanthurus,Acanthurus lineatus,Moorea,204.7,236,180,6.55,2
MOO18_F521,Acanthuridae,Acanthurus,Acanthurus lineatus,Moorea,205.2,251,176,6.41,2
MOO18_F522,Acanthuridae,Acanthurus,Acanthurus guttatus,Moorea,161.7,181,143,5.97,2
MOO18_F523,Acanthuridae,Acanthurus,Acanthurus achilles,Moorea,195.3,216,163,8.15,2
MOO18_F524,Balistidae,Melichthys,Melichthys niger,Moorea,276.6,232,185,8.7,2.73
MOO18_F527,Chaetodontidae,Chaetodon,Chaetodon citrinellus,Moorea,26.7,103,89,9.24,2.98
MOO18_F531,Labridae,Scarus,Scarus schlegeli,Moorea,490,300,233,6.64,2.75
MOO18_F532,Labridae,Scarus,Scarus forsteni,Moorea,352.1,261,205,7.02,2
MOO18_F533,Labridae,Calotomus,Calotomus carolinus,Moorea,284.1,261,195,7.71,2
MOO18_F534,Acanthuridae,Acanthurus,Acanthurus olivaceus,Moorea,239.1,260,175,7.15,2.26
MOO18_F535,Acanthuridae,Acanthurus,Acanthurus lineatus,Moorea,216.1,248,172,7.26,2
MOO18_F536,Acanthuridae,Acanthurus,Acanthurus achilles,Moorea,180.3,206,160,7.61,2
MOO18_F537,Acanthuridae,Acanthurus,Acanthurus olivaceus,Moorea,174.7,265,169,7.77,2.26
MOO18_F538,Chaetodontidae,Chaetodon,Chaetodon ephippium,Moorea,112.9,191,158,8.29,3.01
MOO18_F540,Chaetodontidae,Chaetodon,Chaetodon reticulatus,Moorea,55.6,123,96,9.56,2.63
MOO18_F541,Labridae,Novaculichthys,Novaculichthys taeniourus,Moorea,347.2,281,255,9.7,3.25
MOO18_F542,Kyphosidae,Kyphosus,Kyphosus vaigiensis,Moorea,319.3,266,210,7.38,2.83
MOO18_F543,Lethrinidae,Monotaxis,Monotaxis grandoculis,Moorea,325,265,204,11.38,3.4
MOO18_F544,Balistidae,Odonus,Odonus niger,Moorea,111.2,218,144,9.76,3.22
MOO18_F545,Balistidae,Melichthys,Melichthys niger,Moorea,253.9,234,183,7.61,2.73
MOO18_F547,Balistidae,Melichthys,Melichthys niger,Moorea,266.9,235,181,8.39,2.73
MOO18_F549,Monacanthidae,Cantherhines,Cantherhines sandwichiensis,Moorea,65.1,150,122,7.96,2.66
MOO18_F552,Labridae,Chlorurus,Chlorurus microrhinos,Moorea,764,360,272,7.56,2.12
MOO18_F553,Labridae,Calotomus,Calotomus carolinus,Moorea,538,311,248,8.11,2
MOO18_F554,Labridae,Calotomus,Calotomus carolinus,Moorea,558,302,224,8.85,2
MOO18_F556,Pomacanthidae,Pomacanthus,Pomacanthus imperator,Moorea,593,281,232,9.73,2.7
MOO18_F557,Monacanthidae,Cantherhines,Cantherhines sandwichiensis,Moorea,93.6,161,139,8.3,2.66
MOO18_F558,Acanthuridae,Acanthurus,Acanthurus lineatus,Moorea,178.8,241,173,6.44,2
MOO18_F559,Monacanthidae,Cantherhines,Cantherhines sandwichiensis,Moorea,75.4,159,125,7.82,2.66
MOO18_F560,Acanthuridae,Acanthurus,Acanthurus guttatus,Moorea,159,182,140,7.54,2
MOO18_F561,Chaetodontidae,Chaetodon,Chaetodon quadrimaculatus,Moorea,36.1,127,107,10.07,3.55
MOO18_F562,Balistidae,Melichthys,Melichthys niger,Moorea,265.2,231,175,9.36,2.73
MOO18_F563,Lethrinidae,Gnathodentex,Gnathodentex aureolineatus,Moorea,157,231,171,10.66,3.65
MOO18_F564,Pomacentridae,Abudefduf,Abudefduf septemfasciatus,Moorea,129.5,167,124,8.4,3.01
MOO18_F565,Aulostomidae,Aulostomus,Aulostomus chinensis,Moorea,154.9,442,379,9.82,4.24
MOO18_F566,Lutjanidae,Aphareus,Aphareus furca,Moorea,466,366,266,10.59,4.14
MOO18_F567,Aulostomidae,Aulostomus,Aulostomus chinensis,Moorea,153.7,421,369,9.91,4.24
MOO18_F573,Diodontidae,Diodon,Diodon hystrix,Moorea,1442,383,309,12.61,3.61
MOO18_F574,Tetraodontidae,Arothron,Arothron meleagris,Moorea,515,256,203,8.33,3.06
MOO18_F576,Cirrhitidae,Paracirrhites,Paracirrhites forsteri,Moorea,30.1,124,95,10.82,4.3
MOO18_F578,Pomacentridae,Dascyllus,Dascyllus trimaculatus,Moorea,51.3,135,100,9.05,2.8
MOO18_F579,Pomacentridae,Chromis,Chromis xanthura,Moorea,47,158,112,5.4,3.4
MOO18_F581,Lutjanidae,Aphareus,Aphareus furca,Moorea,342.3,324,243,10.32,4.14
MOO18_F582,Acanthuridae,Naso,Naso vlamingii,Moorea,231.5,355,195,8.39,2.16
MOO18_F583,Labridae,Coris,Coris gaimard,Moorea,36.6,149,119,8.94,3.4
MOO18_F584,Serranidae,Pseudanthias,Pseudanthias pascalus,Moorea,19,147,95,7.93,3.33
MOO18_F585,Labridae,Novaculichthys,Novaculichthys taeniourus,Moorea,27.3,242,207,9.97,3.25
MOO18_F586,Lethrinidae,Monotaxis,Monotaxis grandoculis,Moorea,437,290,222,9.35,3.4
MOO18_F587,Labridae,Coris,Coris aygula,Moorea,486,299,251,8.59,3.73
MOO18_F588,Pomacentridae,Dascyllus,Dascyllus trimaculatus,Moorea,52.5,131,99,9.27,2.8
MOO18_F589,Acanthuridae,Acanthurus,Acanthurus pyroferus,Moorea,36.3,130,94,7.51,2
MOO18_F590,Serranidae,Pseudanthias,Pseudanthias pascalus,Moorea,18,143,90,8.42,3.33
MOO18_F594,Lutjanidae,Lutjanus,Lutjanus kasmira,Moorea,126.1,213,166,9.8,3.78
MOO18_F595,Pomacanthidae,Centropyge,Centropyge flavissima,Moorea,19.9,94,72,9.35,2.75
MOO18_F597,Pomacanthidae,Centropyge,Centropyge flavissima,Moorea,18.2,87,72,10.19,2.75
MOO18_F598,Labridae,Cheilinus,Cheilinus oxycephalus,Moorea,32.5,130,93,11.5,3.67
MOO18_F599,Pomacentridae,Chromis,Chromis xanthura,Moorea,41.1,155,106,9.84,3.4
MOO18_F600,Labridae,Scarus,Scarus forsteni,Moorea,733,382,275,9.14,2
MOO18_F602,Acanthuridae,Naso,Naso lituratus,Moorea,283.8,356,203,8.96,2.32
MOO18_F603,Labridae,Coris,Coris aygula,Moorea,366.5,295,247,10.41,3.73
MOO18_F604,Pomacentridae,Dascyllus,Dascyllus trimaculatus,Moorea,54.4,132,100,10.66,2.8
MOO18_F605,Acanthuridae,Zebrasoma,Zebrasoma velifer,Moorea,142.1,218,169,8.03,2
MOO18_F608,Chaetodontidae,Chaetodon,Chaetodon unimaculatus,Moorea,43.3,124,100,11.08,3.21
MOO18_F610,Acanthuridae,Acanthurus,Acanthurus pyroferus,Moorea,43.6,136,99,7.63,2
MOO18_F611,Monacanthidae,Amanses,Amanses scopas,Moorea,62.4,132,100,9.8,3.05
MOO18_F612,Acanthuridae,Zebrasoma,Zebrasoma velifer,Moorea,348.9,259,212,7.69,2
MOO18_F613,Mullidae,Mulloidichthys,Mulloidichthys flavolineatus,Moorea,221.4,297,224,9.31,3.47
MOO18_F614,Apogonidae,Cheilodipterus ,Cheilodipterus macrodon,Moorea,138.4,237,183,11.55,4.01
MOO18_F615,Chaetodontidae,Chaetodon,Chaetodon ulietensis,Moorea,89.8,155,126,9.77,2.71
MOO18_F618,Holocentridae,Myripristis,Myripristis kuntee,Moorea,69.4,174,133,10.82,3.1
MOO18_F619,Chaetodontidae,Chaetodon,Chaetodon quadrimaculatus,Moorea,26.8,97,79,10.23,3.55
MOO18_F620,Labridae,Calotomus,Calotomus carolinus,Moorea,1180,384,298,8.46,2
MOO18_F621,Labridae,Anampses,Anampses caeruleopunctatus,Moorea,181,225,182,9.21,3.37
MOO18_F622,Chaetodontidae,Forcipiger,Forcipiger flavissimus,Moorea,33.1,142,122,11.34,3.38
MOO18_F624,Chaetodontidae,Chaetodon,Chaetodon ulietensis,Moorea,62.2,137,114,10.52,2.71
MOO18_F626,Acanthuridae,Acanthurus,Acanthurus guttatus,Moorea,140.4,163,128,7.72,2
MOO18_F630,Pomacanthidae,Centropyge,Centropyge bispinosa,Moorea,18.2,84,69,8.78,2.75
MOO18_F631,Bothidae,Bothus,Bothus mancus,Moorea,551,366,309,10.68,4.12
MOO18_F634,Labridae,Novaculichthys,Novaculichthys taeniourus,Moorea,432,293,248,9.2,3.25
MOO18_F635,Mugilidae,Ellochelon,Ellochelon vaigiensis,Moorea,418,343,260,9.35,2.18
MOO18_F636,Labridae,Cheilinus,Cheilinus trilobatus,Moorea,206.4,247,189,9.98,3.92
MOO18_F639,Aulostomidae,Aulostomus,Aulostomus chinensis,Moorea,389,560,488,10.77,4.24
MOO18_F640,Aulostomidae,Aulostomus,Aulostomus chinensis,Moorea,161,435,390,10.32,4.24
MOO18_F641,Fistulariidae,Fistularia,Fistularia commersonii,Moorea,671,985,902,11.35,4.28
MOO18_F642,Labridae,Scarus,Scarus forsteni,Moorea,365.4,315,224,8.22,2
MOO18_F643,Acanthuridae,Acanthurus,Acanthurus achilles,Moorea,223.6,217,159,6.66,2
MOO18_F644,Acanthuridae,Naso,Naso brevirostris,Moorea,246.6,277,231,9.88,2.22
MOO18_F645,Acanthuridae,Acanthurus,Acanthurus guttatus,Moorea,143.5,190,148,6.68,2
MOO18_F646,Monacanthidae,Cantherhines,Cantherhines sandwichiensis,Moorea,70.9,150,124,9.17,2.66
MOO18_F647,Monacanthidae,Cantherhines,Cantherhines sandwichiensis,Moorea,78.4,154,129,9.07,2.66
MOO18_F649,Mullidae,Parupeneus,Parupeneus insularis,Moorea,523,311,246,10.54,3.88
MOO18_F650,Acanthuridae,Naso,Naso brevirostris,Moorea,421,318,282,11.14,2.22
MOO18_F652,Labridae,Scarus,Scarus forsteni,Moorea,255.3,246,194,9.5,2
MOO18_F654,Chaetodontidae,Chaetodon,Chaetodon lunulatus,Moorea,50.1,114,99,9.92,3.34
MOO18_F655,Chaetodontidae,Chaetodon,Chaetodon lunulatus,Moorea,57.7,126,102,10.74,3.34
MOO18_F656,Chaetodontidae,Forcipiger,Forcipiger flavissimus,Moorea,48.4,409,125,10.44,3.38
MOO18_F657,Pomacentridae,Abudefduf,Abudefduf sexfasciatus,Moorea,84.8,165,122,9.95,2.7
MOO18_F659,Balistidae,Rhinecanthus,Rhinecanthus aculeatus,Moorea,132.1,182,137,9.05,3.22
MOO18_F660,Mullidae,Parupeneus,Parupeneus barberinus,Moorea,994,440,343,10.05,3.44
MOO18_F662,Labridae,Coris,Coris aygula,Moorea,1013,391,331,8.23,3.73
MOO18_F663,Tetraodontidae,Arothron,Arothron meleagris,Moorea,571,269,195,9.62,3.06
MOO18_F664,Muraenidae,Gymnothorax,Gymnothorax javanicus,Moorea,4642,1200,1200,9.26,3.87
MOO18_F665,Tetraodontidae,Arothron,Arothron meleagris,Moorea,80.9,141,105,9.56,3.06
MOO18_F666,Chaetodontidae,Chaetodon,Chaetodon auriga,Moorea,133.2,176,144,9.99,3.13
MOO18_F670,Balistidae,Rhinecanthus,Rhinecanthus aculeatus,Moorea,156.7,188,155,8.15,3.22
MOO18_F671,Chaetodontidae,Chaetodon,Chaetodon lunulatus,Moorea,55.1,135,114,9.83,3.34
MOO18_F673,Holocentridae,Sargocentron,Sargocentron spiniferum,Moorea,171.5,226,168,9.97,3.8
MOO18_F674,Chaetodontidae,Chaetodon,Chaetodon lunulatus,Moorea,50.5,128,109,8.87,3.34
MOO18_F676,Lethrinidae,Gnathodentex,Gnathodentex aureolineatus,Moorea,181.3,252,190,9.04,3.65
MOO18_F677,Labridae,Cheilinus,Cheilinus trilobatus,Moorea,105.5,192,140,9.3,3.92
MOO18_F678,Pomacentridae,Dascyllus,Dascyllus trimaculatus,Moorea,43.6,122,88,10.17,2.8
MOO18_F679,Pinguipedidae,Parapercis,Parapercis millepunctata,Moorea,13.2,119,104,8.65,3.63
MOO18_F680,Ostraciidae,Ostracion,Ostracion meleagris,Moorea,36.3,121,97,8.62,2.71
MOO18_F682,Acanthuridae,Naso,Naso unicornis,Moorea,NA,670,450,9.15,2.17
MOO18_F683,Scombridae,Gymnosarda,Gymnosarda unicolor,Moorea,NA,755,645,12,4.5
MOO18_F685,Syphraenidae,Sphyraena,Sphyraena barracuda,Moorea,NA,761,625,11.52,4.5
MOO18_F686,Labridae,Scarus,Scarus rubroviolaceus,Moorea,1047,415,394,8.61,2
MOO18_F687,Acanthuridae,Acanthurus,Acanthurus lineatus,Moorea,165.6,222,166,7.89,2
MOO18_F688,Acanthuridae,Acanthurus,Acanthurus lineatus,Moorea,161.2,240,165,7.99,2
MOO18_F689,Chaetodontidae,Chaetodon,Chaetodon ephippium,Moorea,98.8,181,150,10.76,3.01
MOO18_F694,Monacanthidae,Cantherhines,Cantherhines sandwichiensis,Moorea,102,172,131,8.15,2.66
MOO18_F696,Chaetodontidae,Chaetodon,Chaetodon quadrimaculatus,Moorea,35.7,120,99,10.5,3.55
MOO18_F697,Chaetodontidae,Chaetodon,Chaetodon quadrimaculatus,Moorea,42.3,129,100,10.9,3.55
MOO18_F698,Chaetodontidae,Chaetodon,Chaetodon citrinellus,Moorea,22.8,113,90,10.21,2.98
MOO18_F699,Lethrinidae,Gnathodentex,Gnathodentex aureolineatus,Moorea,132,230,178,11.87,3.65
MOO18_F700,Lethrinidae,Gnathodentex,Gnathodentex aureolineatus,Moorea,155.6,214,165,10.75,3.65
MOO18_F704,Acanthuridae,Naso,Naso unicornis,Moorea,NA,560,415,7.28,2.17
MOO18_F705,Chaetodontidae,Chaetodon,Chaetodon auriga,Moorea,123.2,167,142,9.79,3.13
MOO18_F707,Holocentridae,Myripristis,Myripristis violacea,Moorea,122.9,203,156,10.79,3.45
MOO18_F708,Holocentridae,Myripristis,Myripristis violacea,Moorea,137.7,197,150,10.54,3.45
MOO18_F709,Holocentridae,Myripristis,Myripristis violacea,Moorea,125.3,210,162,10.64,3.45
MOO18_F710,Holocentridae,Myripristis,Myripristis violacea,Moorea,128,198,148,10.52,3.45
MOO18_F712,Chaetodontidae,Chaetodon,Chaetodon trifascialis,Moorea,34.9,129,107,10.76,3.34
MOO18_F717,Aulostomidae,Aulostomus,Aulostomus chinensis,Moorea,344,623,541,10.52,4.24
MOO18_F719,Chaetodontidae,Chaetodon,Chaetodon auriga,Moorea,92.2,186,144,9.21,3.13
MOO18_F720,Chaetodontidae,Chaetodon,Chaetodon auriga,Moorea,80.6,205,139,10.92,3.13
MOO18_F722,Holocentridae,Myripristis,Myripristis violacea,Moorea,113.1,189,144,11.02,3.45
MOO18_F723,Holocentridae,Myripristis,Myripristis violacea,Moorea,175,205,153,10.74,3.45
MOO18_F724,Holocentridae,Myripristis,Myripristis violacea,Moorea,152.2,213,159,11.2,3.45
MOO18_F725,Holocentridae,Sargocentron,Sargocentron spiniferum,Moorea,413,275,220,11.95,3.8
AB_SE_MO_03_16_001,Pomacentridae,Abudefduf,Abudefduf sexfasciatus,Moorea,3.9,64.067,44.981,8.583196912,2.7
AB_SE_MO_03_16_002,Pomacentridae,Abudefduf,Abudefduf sexfasciatus,Moorea,3.8,61.315,42.781,8.596898112,2.7
AB_SE_MO_03_16_003,Pomacentridae,Abudefduf,Abudefduf sexfasciatus,Moorea,3,56.104,39.615,8.652551892,2.7
AB_SE_MO_03_16_004,Pomacentridae,Abudefduf,Abudefduf sexfasciatus,Moorea,1.7,51.616,36.457,8.64559517,2.7
AB_SE_MO_03_16_005,Pomacentridae,Abudefduf,Abudefduf sexfasciatus,Moorea,2.1,50.584,37.376,8.881129915,2.7
AC_TR_MO_03_16_001,Acanthuridae,Acanthurus,Acanthurus triostegus,Moorea,4.3,56.986,47.323,6.901445471,2.78
AC_TR_MO_03_16_002,Acanthuridae,Acanthurus,Acanthurus triostegus,Moorea,2.7,50.787,40.242,7.019709752,2.78
AC_TR_MO_03_16_006,Acanthuridae,Acanthurus,Acanthurus triostegus,Moorea,119.1,193.544,154.85,7.404317122,2.78
AC_TR_MO_03_16_007,Acanthuridae,Acanthurus,Acanthurus triostegus,Moorea,84.5,174.304,146.82,7.714248025,2.78
AC_TR_MO_03_16_008,Acanthuridae,Acanthurus,Acanthurus triostegus,Moorea,64.7,153.329,123.676,7.618531121,2.78
AC_TR_MO_03_16_009,Acanthuridae,Acanthurus,Acanthurus triostegus,Moorea,78,166.661,137.536,8.087069739,2.78
AC_TR_MO_03_16_010,Acanthuridae,Acanthurus,Acanthurus triostegus,Moorea,93.6,175.722,137.86,7.529538126,2.78
AC_TR_MO_03_16_011,Acanthuridae,Acanthurus,Acanthurus triostegus,Moorea,54.7,147.175,118.565,7.624944605,2.78
AC_TR_MO_03_16_012,Acanthuridae,Acanthurus,Acanthurus triostegus,Moorea,106.5,180.446,146.825,7.140572807,2.78
AC_TR_MO_03_16_013,Acanthuridae,Acanthurus,Acanthurus triostegus,Moorea,123,188.877,153.409,8.212217869,2.78
AC_TR_MO_03_16_014,Acanthuridae,Acanthurus,Acanthurus triostegus,Moorea,107.3,174.348,142.726,7.81468811,2.78
AC_TR_MO_03_16_015,Acanthuridae,Acanthurus,Acanthurus triostegus,Moorea,84.6,153.409,126.488,7.953476554,2.78
AC_TR_MO_03_16_016,Acanthuridae,Acanthurus,Acanthurus triostegus,Moorea,113.6,171.356,136.316,7.034498781,2.78
BA_UN_MO_03_16_001,Balistidae,Balistapus,Balistapus undulatus,Moorea,451.5,283.016,241.13,11.65332328,3.37
BA_UN_MO_03_16_002,Balistidae,Balistapus,Balistapus undulatus,Moorea,131.7,189.435,157.043,11.99753454,3.37
BA_UN_MO_03_16_003,Balistidae,Balistapus,Balistapus undulatus,Moorea,145.3,203.955,172.904,12.00150239,3.37
BA_UN_MO_03_16_004,Balistidae,Balistapus,Balistapus undulatus,Moorea,146.6,192.429,166.809,12.3308342,3.37
BA_UN_MO_03_16_005,Balistidae,Balistapus,Balistapus undulatus,Moorea,137.1,199.545,169.371,11.60773253,3.37
BA_UN_MO_03_16_006,Balistidae,Balistapus,Balistapus undulatus,Moorea,118.6,173.895,146.861,13.8690444,3.37
BA_UN_MO_03_16_007,Balistidae,Balistapus,Balistapus undulatus,Moorea,55.2,141.016,117.781,12.95973892,3.37
BA_UN_MO_03_16_008,Balistidae,Balistapus,Balistapus undulatus,Moorea,52.5,138.15,117.478,11.37741373,3.37
BA_UN_MO_03_16_009,Balistidae,Balistapus,Balistapus undulatus,Moorea,43.3,130.434,109.617,12.43927314,3.37
BA_UN_MO_03_16_010,Balistidae,Balistapus,Balistapus undulatus,Moorea,48.9,129.06,105.308,13.31882963,3.37
BA_UN_MO_03_16_011,Balistidae,Balistapus,Balistapus undulatus,Moorea,30.4,117.184,94.72,13.1412682,3.37
BA_UN_MO_03_16_012,Balistidae,Balistapus,Balistapus undulatus,Moorea,22.3,106.739,88.138,13.53210174,3.37
BA_UN_MO_03_16_013,Balistidae,Balistapus,Balistapus undulatus,Moorea,7.7,70.396,57.376,11.9499203,3.37
BO_MA_MO_03_16_001,Bothidae,Bothus,Bothus mancus,Moorea,140.1,236.481,202.424,7.759172732,4.12
BO_MA_MO_03_16_002,Bothidae,Bothus,Bothus mancus,Moorea,109.7,219.503,180.898,7.623358325,4.12
BO_MA_MO_03_16_003,Bothidae,Bothus,Bothus mancus,Moorea,70.5,177.881,152.389,7.257551639,4.12
BO_MA_MO_03_16_004,Bothidae,Bothus,Bothus mancus,Moorea,7.5,89.433,73.659,8.083342885,4.12
BO_MA_MO_03_16_005,Bothidae,Bothus,Bothus mancus,Moorea,6,84.082,69.716,7.7046487,4.12
BO_MA_MO_03_16_006,Bothidae,Bothus,Bothus mancus,Moorea,5.5,83.941,71.124,8.368850543,4.12
BO_MA_MO_03_16_007,Bothidae,Bothus,Bothus mancus,Moorea,3.2,70.561,59.716,8.835774525,4.12
CA_ME_MO_03_16_001,Carangidae,Caranx,Caranx melampygus,Moorea,627,368.809,304.728,12.30085591,4.28
CA_ME_MO_03_16_002,Carangidae,Caranx,Caranx melampygus,Moorea,10,84.901,75.058,11.2156072,4.28
CA_ME_MO_03_16_005,Carangidae,Caranx,Caranx melampygus,Moorea,4218.8,712.497,600.227,11.16841174,4.28
CA_ME_MO_03_16_006,Carangidae,Caranx,Caranx melampygus,Moorea,485.4,421.676,337.565,7.610470827,4.28
CA_ME_MO_03_16_007,Carangidae,Caranx,Caranx melampygus,Moorea,714.3,367.782,293.573,11.60956073,4.28
CA_ME_MO_03_16_008,Carangidae,Caranx,Caranx melampygus,Moorea,162.3,392.49,316.426,12.4294039,4.28
CE_AR_MO_03_16_001,Serranidae,Cephalopholis,Cephalopholis argus,Moorea,651.3,329.25,287.684,12.62499689,4.16
CE_AR_MO_03_16_002,Serranidae,Cephalopholis,Cephalopholis argus,Moorea,149.9,221.36,190.968,13.65053295,4.16
CE_AR_MO_03_16_003,Serranidae,Cephalopholis,Cephalopholis argus,Moorea,113.7,199.998,177.6,13.73692218,4.16
CE_AR_MO_03_16_004,Serranidae,Cephalopholis,Cephalopholis argus,Moorea,144.1,206.128,181.319,14.02811071,4.16
CE_AR_MO_03_16_005,Serranidae,Cephalopholis,Cephalopholis argus,Moorea,65.7,162.996,144.667,12.90369673,4.16
CE_AR_MO_03_16_016,Serranidae,Cephalopholis,Cephalopholis argus,Moorea,201.8,240.855,207.036,11.99158276,4.16
CE_AR_MO_03_16_016b,Serranidae,Cephalopholis,Cephalopholis argus,Moorea,725.9,356.794,309.716,12.79975229,4.16
CE_AR_MO_03_16_017,Serranidae,Cephalopholis,Cephalopholis argus,Moorea,139.7,214.746,183.579,11.93008103,4.16
CE_AR_MO_03_16_017b,Serranidae,Cephalopholis,Cephalopholis argus,Moorea,399,314.639,279.55,12.28594864,4.16
CE_AR_MO_03_16_018,Serranidae,Cephalopholis,Cephalopholis argus,Moorea,19.7,120.101,104.11,9.987816923,4.16
CE_FL_MO_03_16_001,Pomacanthidae,Centropyge,Centropyge flavissima,Moorea,19,97.487,79.81,10.15023485,2.75
CE_FL_MO_03_16_002,Pomacanthidae,Centropyge,Centropyge flavissima,Moorea,19.1,96.232,78.136,11.56543096,2.75
CE_FL_MO_03_16_003,Pomacanthidae,Centropyge,Centropyge flavissima,Moorea,17.4,93.512,78.555,10.86081436,2.75
CE_FL_MO_03_16_004,Pomacanthidae,Centropyge,Centropyge flavissima,Moorea,14.5,82.739,70.814,10.52007144,2.75
CH_AU_MO_03_16_001,Chaetodontidae,Chaetodon,Chaetodon auriga,Moorea,5.8,65.043,56.423,8.409066606,3.13
CH_AU_MO_03_16_002,Chaetodontidae,Chaetodon,Chaetodon auriga,Moorea,5.3,63.664,55.706,8.339499382,3.13
CH_AU_MO_03_16_003,Chaetodontidae,Chaetodon,Chaetodon auriga,Moorea,4,58.072,49.468,8.118871899,3.13
CH_AU_MO_03_16_004,Chaetodontidae,Chaetodon,Chaetodon auriga,Moorea,2.2,45.238,38.786,7.972780727,3.13
CH_CH_MO_03_16_001,Labridae,Cheilinus,Cheilinus chlorourus,Moorea,69.4,157.453,134.614,9.051072706,3.46
CH_CH_MO_03_16_002,Labridae,Cheilinus,Cheilinus chlorourus,Moorea,22.7,111.441,94.66,8.928833155,3.46
CH_CH_MO_03_16_003,Labridae,Cheilinus,Cheilinus chlorourus,Moorea,15.1,96.81,84.077,8.683360234,3.46
CH_CH_MO_03_16_004,Labridae,Cheilinus,Cheilinus chlorourus,Moorea,20.9,95.859,81.282,8.446831671,3.46
CH_CH_MO_03_16_005,Labridae,Cheilinus,Cheilinus chlorourus,Moorea,15.4,86.954,72.76,8.421986234,3.46
CH_CH_MO_03_16_006,Labridae,Cheilinus,Cheilinus chlorourus,Moorea,49.3,146.361,119.476,9.001329312,3.46
CH_CH_MO_03_16_007,Labridae,Cheilinus,Cheilinus chlorourus,Moorea,27.9,123.456,103.988,8.627591858,3.46
CH_CH_MO_03_16_008,Labridae,Cheilinus,Cheilinus chlorourus,Moorea,21.5,108.289,89.948,8.99438989,3.46
CH_CH_MO_03_16_009,Labridae,Cheilinus,Cheilinus chlorourus,Moorea,9.9,82.914,69.492,9.003312005,3.46
CH_CH_MO_03_16_010,Labridae,Cheilinus,Cheilinus chlorourus,Moorea,351.4,298.773,229.167,8.798103375,3.46
CH_CI_MO_03_16_001,Chaetodontidae,Chaetodon,Chaetodon citrinellus,Moorea,29,109.453,92.442,9.582110388,2.98
CH_CI_MO_03_16_002,Chaetodontidae,Chaetodon,Chaetodon citrinellus,Moorea,23,100.748,85.674,8.85709408,2.98
CH_CI_MO_03_16_003,Chaetodontidae,Chaetodon,Chaetodon citrinellus,Moorea,15,90.829,78.653,8.902717541,2.98
CH_CI_MO_03_16_004,Chaetodontidae,Chaetodon,Chaetodon citrinellus,Moorea,12,86.076,73.243,8.722207325,2.98
CH_CI_MO_03_16_005,Chaetodontidae,Chaetodon,Chaetodon citrinellus,Moorea,9,72.884,61.857,8.132077772,2.98
CH_CI_MO_03_16_006,Chaetodontidae,Chaetodon,Chaetodon citrinellus,Moorea,9,72.311,61.573,8.411769426,2.98
CH_CI_MO_03_16_007,Chaetodontidae,Chaetodon,Chaetodon citrinellus,Moorea,8,74.343,65.386,8.383006809,2.98
CH_CI_MO_03_16_008,Chaetodontidae,Chaetodon,Chaetodon citrinellus,Moorea,7,67.596,58.593,8.343334234,2.98
CH_CI_MO_03_16_009,Chaetodontidae,Chaetodon,Chaetodon citrinellus,Moorea,6,69.726,60.694,8.361186893,2.98
CH_CI_MO_03_16_010,Chaetodontidae,Chaetodon,Chaetodon citrinellus,Moorea,6,64.249,55.459,7.894042322,2.98
CH_CI_MO_03_16_011,Chaetodontidae,Chaetodon,Chaetodon citrinellus,Moorea,6,65.987,56.738,8.22233288,2.98
CH_CI_MO_03_16_012,Chaetodontidae,Chaetodon,Chaetodon citrinellus,Moorea,6,65.887,56.107,8.384990438,2.98
CH_CI_MO_03_16_013,Chaetodontidae,Chaetodon,Chaetodon citrinellus,Moorea,5,63.08,55.287,8.296718958,2.98
CH_EP_MO_03_16_001,Chaetodontidae,Chaetodon,Chaetodon ephippium,Moorea,88,156.51,137.306,9.560448476,3.01
CH_EP_MO_03_16_002,Chaetodontidae,Chaetodon,Chaetodon ephippium,Moorea,1.7,42.443,35.148,8.212217869,3.01
CH_IN_MO_03_16_001,Labridae,Cheilio,Cheilio inermis,Moorea,431,400.551,364.423,10.80657044,3.49
CH_IN_MO_03_16_002,Labridae,Cheilio,Cheilio inermis,Moorea,350,386.234,349.921,9.863800362,3.49
CH_PE_MO_03_16_001,Chaetodontidae,Chaetodon,Chaetodon pelewensis,Moorea,13.6,86.564,76.009,10.29602723,2.92
CH_SO_MO_03_16_001,Labridae,Chlorurus,Chlorurus spilurus,Moorea,409,283.62,259.925,5.503150913,2.12
CH_SO_MO_03_16_002,Labridae,Chlorurus,Chlorurus spilurus,Moorea,394.2,301.746,259.003,5.841410393,2.12
CH_SO_MO_03_16_003,Labridae,Chlorurus,Chlorurus spilurus,Moorea,355.6,257.922,233.867,5.843394319,2.12
CH_SO_MO_03_16_004,Labridae,Chlorurus,Chlorurus spilurus,Moorea,271.2,280.713,253.911,9.164487396,2.12
CH_SO_MO_03_16_005,Labridae,Chlorurus,Chlorurus spilurus,Moorea,234.7,255.861,229.083,9.436285336,2.12
CH_SO_MO_03_16_006,Labridae,Chlorurus,Chlorurus spilurus,Moorea,242.5,241.349,224.819,5.644009699,2.12
CH_SO_MO_03_16_007,Labridae,Chlorurus,Chlorurus spilurus,Moorea,267.5,256.479,233.824,4.976418409,2.12
CH_SO_MO_03_16_008,Labridae,Chlorurus,Chlorurus spilurus,Moorea,263.2,259.664,233.969,7.53469172,2.12
CH_SO_MO_03_16_009,Labridae,Chlorurus,Chlorurus spilurus,Moorea,200,224.684,207.577,5.974333473,2.12
CH_SO_MO_03_16_010,Labridae,Chlorurus,Chlorurus spilurus,Moorea,147.8,200.112,186.285,6.296721541,2.12
CH_SO_MO_03_16_011,Labridae,Chlorurus,Chlorurus spilurus,Moorea,222.1,219.362,205.486,6.396909832,2.12
CH_SO_MO_03_16_012,Labridae,Chlorurus,Chlorurus spilurus,Moorea,171,206.635,187.276,7.209327762,2.12
CH_SO_MO_03_16_013,Labridae,Chlorurus,Chlorurus spilurus,Moorea,137.9,197.295,172.927,7.027798481,2.12
CH_SO_MO_03_16_014,Labridae,Chlorurus,Chlorurus spilurus,Moorea,140.5,210.155,192.397,6.015003968,2.12
CH_SO_MO_03_16_015,Labridae,Chlorurus,Chlorurus spilurus,Moorea,132.5,188.004,165.775,5.560684783,2.12
CH_SO_MO_03_16_016,Labridae,Chlorurus,Chlorurus spilurus,Moorea,99.5,182.632,165.372,6.698466671,2.12
CH_SO_MO_03_16_017,Labridae,Chlorurus,Chlorurus spilurus,Moorea,104,173.96,160.864,6.269938532,2.12
CH_SO_MO_03_16_018,Labridae,Chlorurus,Chlorurus spilurus,Moorea,96.9,184.45,167.702,7.06053327,2.12
CH_SO_MO_03_16_019,Labridae,Chlorurus,Chlorurus spilurus,Moorea,82,163.703,148.821,4.947651473,2.12
CH_VA_MO_03_16_001,Chaetodontidae,Chaetodon,Chaetodon vagabundus,Moorea,58,135.421,116.677,10.56565056,2.9
CH_VA_MO_03_16_002,Chaetodontidae,Chaetodon,Chaetodon vagabundus,Moorea,3.3,53.224,46.161,7.718363449,2.9
CH_VA_MO_03_16_005,Chaetodontidae,Chaetodon,Chaetodon vagabundus,Moorea,60,143.714,122.605,10.25955478,2.9
CH_VA_MO_03_16_006,Chaetodontidae,Chaetodon,Chaetodon vagabundus,Moorea,55.1,147.406,125.075,9.621523947,2.9
CH_VA_MO_03_16_007,Chaetodontidae,Chaetodon,Chaetodon vagabundus,Moorea,54,138.328,116.903,11.56098477,2.9
CH_VI_MO_03_16_001,Pomacentridae,Chromis,Chromis viridis,Moorea,1.9,53.639,43.378,9.704115423,2.5
CH_VI_MO_03_16_002,Pomacentridae,Chromis,Chromis viridis,Moorea,1.2,45.084,34.605,9.251780165,2.5
CH_VI_MO_03_16_008,Pomacentridae,Chromis,Chromis viridis,Moorea,1.1,45.015,33.701,9.16547936,2.5
CH_VI_MO_03_16_015,Pomacentridae,Chromis,Chromis viridis,Moorea,1.1,45.851,35.363,9.238884643,2.5
CH_VI_MO_03_16_025,Pomacentridae,Chromis,Chromis viridis,Moorea,1,40.127,30.819,9.29542655,2.5
CHE_TR_MO_03_16_001,Labridae,Cheilinus,Cheilinus trilobatus,Moorea,34.1,124.665,104.28,8.656340893,3.92
CHE_TR_MO_03_16_002,Labridae,Cheilinus,Cheilinus trilobatus,Moorea,160.8,227.796,194.919,10.01250227,3.92
CHE_TR_MO_03_16_003,Labridae,Cheilinus,Cheilinus trilobatus,Moorea,6.8,72.324,60.384,8.543327445,3.92
CT_ST_MO_03_16_001,Acanthuridae,Ctenochaetus,Ctenochaetus striatus,Moorea,78,174.12,129.091,7.46061944,2
CT_ST_MO_03_16_002,Acanthuridae,Ctenochaetus,Ctenochaetus striatus,Moorea,47,160.4,117.294,8.548639809,2
CT_ST_MO_03_16_003,Acanthuridae,Ctenochaetus,Ctenochaetus striatus,Moorea,87,187.646,137.803,8.71427281,2
CT_ST_MO_03_16_004,Acanthuridae,Ctenochaetus,Ctenochaetus striatus,Moorea,74,176.999,130.087,8.514918121,2
CT_ST_MO_03_16_005,Acanthuridae,Ctenochaetus,Ctenochaetus striatus,Moorea,73,191.168,139.313,8.05669988,2
CT_ST_MO_03_16_006,Acanthuridae,Ctenochaetus,Ctenochaetus striatus,Moorea,76,178.766,130.921,8.172742161,2
CT_ST_MO_03_16_007,Acanthuridae,Ctenochaetus,Ctenochaetus striatus,Moorea,136,217.856,166.89,9.073309614,2
CT_ST_MO_03_16_008,Acanthuridae,Ctenochaetus,Ctenochaetus striatus,Moorea,148,217.629,172.337,8.173733976,2
CT_ST_MO_03_16_009,Acanthuridae,Ctenochaetus,Ctenochaetus striatus,Moorea,107,211.22,157.309,8.784691631,2
CT_ST_MO_03_16_010,Acanthuridae,Ctenochaetus,Ctenochaetus striatus,Moorea,90,188.335,138.506,8.976111805,2
CT_ST_MO_03_16_011,Acanthuridae,Ctenochaetus,Ctenochaetus striatus,Moorea,113,196.762,147.953,8.840233236,2
CT_ST_MO_03_16_012,Acanthuridae,Ctenochaetus,Ctenochaetus striatus,Moorea,52,152.53,109.288,8.216381994,2
CT_ST_MO_03_16_013,Acanthuridae,Ctenochaetus,Ctenochaetus striatus,Moorea,108,204.612,152.218,8.768822601,2
CT_ST_MO_03_16_014,Acanthuridae,Ctenochaetus,Ctenochaetus striatus,Moorea,86,199.478,146.409,8.372096851,2
CT_ST_MO_03_16_015,Acanthuridae,Ctenochaetus,Ctenochaetus striatus,Moorea,125,213.417,159.631,8.482188246,2
CT_ST_MO_03_16_016,Acanthuridae,Ctenochaetus,Ctenochaetus striatus,Moorea,69,175.166,128.228,8.358211449,2
CT_ST_MO_03_16_017,Acanthuridae,Ctenochaetus,Ctenochaetus striatus,Moorea,87,192.732,140.368,8.131085958,2
DA_AR_MO_03_16_001,Pomacentridae,Dascyllus,Dascyllus aruanus,Moorea,7.8,70.639,53.843,9.916395566,3.35
DA_AR_MO_03_16_002,Pomacentridae,Dascyllus,Dascyllus aruanus,Moorea,6.5,67.185,50.05,10.02848742,3.35
DA_AR_MO_03_16_003,Pomacentridae,Dascyllus,Dascyllus aruanus,Moorea,5.8,63.114,50.377,9.373791649,3.35
DA_AR_MO_03_16_004,Pomacentridae,Dascyllus,Dascyllus aruanus,Moorea,5.4,65.416,49.041,9.987816923,3.35
DA_AR_MO_03_16_005,Pomacentridae,Dascyllus,Dascyllus aruanus,Moorea,4.6,61.618,47.257,8.901617126,3.35
DA_AR_MO_03_16_006,Pomacentridae,Dascyllus,Dascyllus aruanus,Moorea,5,63.131,47.603,9.314273852,3.35
DA_AR_MO_03_16_007,Pomacentridae,Dascyllus,Dascyllus aruanus,Moorea,5.5,60.622,48.223,10.06122221,3.35
DA_AR_MO_03_16_008,Pomacentridae,Dascyllus,Dascyllus aruanus,Moorea,4.6,60.28,45.629,8.925424245,3.35
DA_AR_MO_03_16_009,Pomacentridae,Dascyllus,Dascyllus aruanus,Moorea,4.6,61.187,48.053,9.000813454,3.35
DA_AR_MO_03_16_010,Pomacentridae,Dascyllus,Dascyllus aruanus,Moorea,4.1,58.874,45.309,9.663444928,3.35
DA_AR_MO_03_16_011,Pomacentridae,Dascyllus,Dascyllus aruanus,Moorea,3.5,56.828,44.823,9.584087866,3.35
DA_AR_MO_03_16_012,Pomacentridae,Dascyllus,Dascyllus aruanus,Moorea,3.7,56.892,43.587,9.157543653,3.35
DA_AR_MO_03_16_013,Pomacentridae,Dascyllus,Dascyllus aruanus,Moorea,4.1,58.112,43.346,8.819284173,3.35
DA_AR_MO_03_16_014,Pomacentridae,Dascyllus,Dascyllus aruanus,Moorea,3.5,54.764,40.981,9.158535617,3.35
DA_AR_MO_03_16_015,Pomacentridae,Dascyllus,Dascyllus aruanus,Moorea,3.2,54.088,40.908,9.269635504,3.35
DA_AR_MO_03_16_016,Pomacentridae,Dascyllus,Dascyllus aruanus,Moorea,3.4,54.441,41.677,9.477947794,3.35
DA_AR_MO_03_16_017,Pomacentridae,Dascyllus,Dascyllus aruanus,Moorea,4.1,55.367,42.769,9.359904163,3.35
DA_AR_MO_03_16_018,Pomacentridae,Dascyllus,Dascyllus aruanus,Moorea,2.9,51.352,39.012,9.043467876,3.35
DA_AR_MO_03_16_019,Pomacentridae,Dascyllus,Dascyllus aruanus,Moorea,3.1,51.729,42.203,9.130760645,3.35
DA_AR_MO_03_16_020,Pomacentridae,Dascyllus,Dascyllus aruanus,Moorea,2.9,50.62,39.353,9.50076295,3.35
EP_IN_MO_03_16_001,Labridae,Epibulus,Epibulus insidiator,Moorea,187.7,219.548,177.795,11.27646846,4.01
EP_IN_MO_03_16_002,Labridae,Epibulus,Epibulus insidiator,Moorea,230.3,259.527,207.899,13.72509316,4.01
EP_IN_MO_03_16_003,Labridae,Epibulus,Epibulus insidiator,Moorea,128.2,215.213,174.545,13.52682396,4.01
EP_IN_MO_03_16_004,Labridae,Epibulus,Epibulus insidiator,Moorea,133.6,204.111,172.88,13.66263836,4.01
EP_IN_MO_03_16_005,Labridae,Epibulus,Epibulus insidiator,Moorea,114.4,189.088,163.55,10.41102337,4.01
EP_IN_MO_03_16_006,Labridae,Epibulus,Epibulus insidiator,Moorea,56.3,156.597,132.795,13.15011247,4.01
EP_ME_MO_03_16_001,Serranidae,Epinephelus,Epinephelus merra,Moorea,172.6,242.292,206.258,12.20843485,4.38
EP_ME_MO_03_16_002,Serranidae,Epinephelus,Epinephelus merra,Moorea,134,213.249,180.914,11.01429034,4.38
EP_ME_MO_03_16_003,Serranidae,Epinephelus,Epinephelus merra,Moorea,177.7,203.415,177.563,11.71748674,4.38
EP_ME_MO_03_16_004,Serranidae,Epinephelus,Epinephelus merra,Moorea,85.4,181.678,154.329,10.8803954,4.38
EP_ME_MO_03_16_005,Serranidae,Epinephelus,Epinephelus merra,Moorea,77,170.706,144.396,10.86849363,4.38
EP_ME_MO_03_16_006,Serranidae,Epinephelus,Epinephelus merra,Moorea,69,170.017,144.697,10.47375151,4.38
EP_ME_MO_03_16_007,Serranidae,Epinephelus,Epinephelus merra,Moorea,56,153.821,130.747,10.12066559,4.38
EP_ME_MO_03_16_008,Serranidae,Epinephelus,Epinephelus merra,Moorea,52.8,155.396,131.122,10.54615396,4.38
EP_ME_MO_03_16_009,Serranidae,Epinephelus,Epinephelus merra,Moorea,40.4,148.634,124.874,10.12264922,4.38
EP_ME_MO_03_16_010,Serranidae,Epinephelus,Epinephelus merra,Moorea,38.4,134.966,114.851,10.24365058,4.38
EP_ME_MO_03_16_011,Serranidae,Epinephelus,Epinephelus merra,Moorea,31.3,126.516,110.402,9.718980772,4.38
EP_ME_MO_03_16_012,Serranidae,Epinephelus,Epinephelus merra,Moorea,26.9,125.265,107,9.083227757,4.38
EP_ME_MO_03_16_013,Serranidae,Epinephelus,Epinephelus merra,Moorea,35.8,137.693,121.476,9.80030955,4.38
EP_ME_MO_03_16_016,Serranidae,Epinephelus,Epinephelus merra,Moorea,25.4,119.466,102.453,9.541445998,4.38
EP_ME_MO_03_16_017,Serranidae,Epinephelus,Epinephelus merra,Moorea,23.6,120.797,100.606,9.544421442,4.38
EP_ME_MO_03_16_018,Serranidae,Epinephelus,Epinephelus merra,Moorea,17.6,108.138,91.452,9.386722956,4.38
EP_ME_MO_03_16_019,Serranidae,Epinephelus,Epinephelus merra,Moorea,24.7,125.685,106.034,9.175466494,4.38
FI_CO_MO_03_16_001,Fistulariidae,Fistularia,Fistularia commersonii,Moorea,2.8,251.398,197.478,9.550535015,4.28
FI_CO_MO_03_16_002,Fistulariidae,Fistularia,Fistularia commersonii,Moorea,1.7,232.111,175.038,9.218434094,4.28
FI_CO_MO_03_16_003,Fistulariidae,Fistularia,Fistularia commersonii,Moorea,3.6,276.696,209.196,10.017459,4.28
GO_VA_MO_03_16_001,Labridae,Gomphosus,Gomphosus varius,Moorea,41.9,167.068,150.044,12.11217317,3.5
HA_TR_MO_03_16_001,Labridae,Halichoeres,Halichoeres trimaculatus,Moorea,26,122.656,107.769,8.424365921,3.46
HA_TR_MO_03_16_002,Labridae,Halichoeres,Halichoeres trimaculatus,Moorea,12.1,101.025,86.328,8.330188047,3.46
HA_TR_MO_03_16_003,Labridae,Halichoeres,Halichoeres trimaculatus,Moorea,4.7,74.874,65.453,7.689778509,3.46
HA_TR_MO_03_16_004,Labridae,Halichoeres,Halichoeres trimaculatus,Moorea,3.7,68.185,57.86,7.661029474,3.46
HA_TR_MO_03_16_005,Labridae,Halichoeres,Halichoeres trimaculatus,Moorea,3.5,68.014,60.04,7.980242897,3.46
HA_TR_MO_03_16_006,Labridae,Halichoeres,Halichoeres trimaculatus,Moorea,3.4,64.395,57.328,12.01204722,3.46
LU_FU_MO_03_16_007,Lutjanidae,Lutjanus,Lutjanus fulvus,Moorea,326.7,284.014,234.943,12.7947832,3.66
LU_FU_MO_03_16_008,Lutjanidae,Lutjanus,Lutjanus fulvus,Moorea,102.2,194.795,159.355,13.89990825,3.66
LU_FU_MO_03_16_009,Lutjanidae,Lutjanus,Lutjanus fulvus,Moorea,173.6,227.596,185.855,11.32393331,3.66
LU_FU_MO_03_16_010,Lutjanidae,Lutjanus,Lutjanus fulvus,Moorea,136,220.079,176.261,12.37141695,3.66
LU_FU_MO_03_16_011,Lutjanidae,Lutjanus,Lutjanus fulvus,Moorea,172.7,232.242,190.199,11.44202325,3.66
LU_FU_MO_03_16_012,Lutjanidae,Lutjanus,Lutjanus fulvus,Moorea,131.9,209.836,173.273,11.07225118,3.66
MO_GR_MO_03_16_003,Lethrinidae,Monotaxis,Monotaxis grandoculis,Moorea,280.9,285.051,226.686,8.170581336,3.4
MO_GR_MO_03_16_004,Lethrinidae,Monotaxis,Monotaxis grandoculis,Moorea,115.4,199.873,153.482,8.881376442,3.4
MU_FL_MO_03_16_001,Mullidae,Mulloidichthys,Mulloidichthys flavolineatus,Moorea,12,119.266,96.575,8.991443657,3.47
MU_FL_MO_03_16_001B,Mullidae,Mulloidichthys,Mulloidichthys flavolineatus,Moorea,228.3,299.286,244.363,9.114677026,3.47
MU_FL_MO_03_16_002,Mullidae,Mulloidichthys,Mulloidichthys flavolineatus,Moorea,12.6,124.28,100.115,9.158404996,3.47
MU_FL_MO_03_16_002B,Mullidae,Mulloidichthys,Mulloidichthys flavolineatus,Moorea,182.5,271.5,221.251,8.647582805,3.47
MU_FL_MO_03_16_003,Mullidae,Mulloidichthys,Mulloidichthys flavolineatus,Moorea,10.4,111.201,95.151,8.58994139,3.47
MU_FL_MO_03_16_004,Mullidae,Mulloidichthys,Mulloidichthys flavolineatus,Moorea,9.4,111.135,92.943,8.832432858,3.47
MU_FL_MO_03_16_004B,Mullidae,Mulloidichthys,Mulloidichthys flavolineatus,Moorea,258.7,301.421,254.91,9.478414228,3.47
MU_FL_MO_03_16_005,Mullidae,Mulloidichthys,Mulloidichthys flavolineatus,Moorea,8.3,95.701,79.236,8.350431374,3.47
MU_FL_MO_03_16_005B,Mullidae,Mulloidichthys,Mulloidichthys flavolineatus,Moorea,191.1,270.413,223.256,10.27148059,3.47
MU_FL_MO_03_16_006,Mullidae,Mulloidichthys,Mulloidichthys flavolineatus,Moorea,8.6,99.492,83.805,9.731282378,3.47
MU_FL_MO_03_16_006B,Mullidae,Mulloidichthys,Mulloidichthys flavolineatus,Moorea,202.7,277.907,232.429,9.663264282,3.47
MU_FL_MO_03_16_007,Mullidae,Mulloidichthys,Mulloidichthys flavolineatus,Moorea,7.6,96.545,80.887,10.18294652,3.47
MU_FL_MO_03_16_007B,Mullidae,Mulloidichthys,Mulloidichthys flavolineatus,Moorea,169.8,260.813,219.23,10.13333996,3.47
MU_FL_MO_03_16_008,Mullidae,Mulloidichthys,Mulloidichthys flavolineatus,Moorea,6.1,96.29,80.279,8.839389581,3.47
MU_FL_MO_03_16_009,Mullidae,Mulloidichthys,Mulloidichthys flavolineatus,Moorea,201,311.136,253.187,8.93479606,3.47
MU_FL_MO_03_16_009B,Mullidae,Mulloidichthys,Mulloidichthys flavolineatus,Moorea,168.9,278.934,226.562,9.440649163,3.47
MU_FL_MO_03_16_010B,Mullidae,Mulloidichthys,Mulloidichthys flavolineatus,Moorea,165.6,268.299,220.272,9.218034045,3.47
MU_FL_MO_03_16_011B,Mullidae,Mulloidichthys,Mulloidichthys flavolineatus,Moorea,147,256.599,208.98,9.219027863,3.47
MU_FL_MO_03_16_012B,Mullidae,Mulloidichthys,Mulloidichthys flavolineatus,Moorea,143.8,257.143,207.891,10.45931209,3.47
MU_FL_MO_03_16_013B,Mullidae,Mulloidichthys,Mulloidichthys flavolineatus,Moorea,153,257.481,211.495,9.260768197,3.47
MU_FL_MO_03_16_014B,Mullidae,Mulloidichthys,Mulloidichthys flavolineatus,Moorea,138.3,257.212,211.194,8.885105185,3.47
MU_FL_MO_03_16_015B,Mullidae,Mulloidichthys,Mulloidichthys flavolineatus,Moorea,141,257.077,211.329,9.87792886,3.47
MU_VA_MO_03_16_003,Mullidae,Mulloidichthys,Mulloidichthys vanicolensis,Moorea,197.6,259.814,218.784,9.238904212,3.6
MU_VA_MO_03_16_008,Mullidae,Mulloidichthys,Mulloidichthys vanicolensis,Moorea,192.6,268.145,226.038,9.705004616,3.6
MY_BE_MO_03_16_001,Holocentridae,Myripristis,Myripristis berndti,Moorea,210,228.3,184.088,13.2116976,3.72
MY_BE_MO_03_16_002,Holocentridae,Myripristis,Myripristis berndti,Moorea,173.8,227.284,184.469,13.1928503,3.72
MY_BE_MO_03_16_003,Holocentridae,Myripristis,Myripristis berndti,Moorea,177,210.692,166.236,11.69895359,3.72
MY_BE_MO_03_16_004,Holocentridae,Myripristis,Myripristis berndti,Moorea,154.2,212.798,173.821,12.11855406,3.72
MY_BE_MO_03_16_005,Holocentridae,Myripristis,Myripristis berndti,Moorea,90.3,172.198,136.544,12.20783075,3.72
MY_BE_MO_03_16_006,Holocentridae,Myripristis,Myripristis berndti,Moorea,78,171.635,132.944,13.18491459,3.72
MY_BE_MO_03_16_007,Holocentridae,Myripristis,Myripristis berndti,Moorea,82.5,174.897,138.23,13.27022343,3.72
MY_BE_MO_03_16_008,Holocentridae,Myripristis,Myripristis berndti,Moorea,75,172.671,135.558,13.09960575,3.72
MY_BE_MO_03_16_009,Holocentridae,Myripristis,Myripristis berndti,Moorea,60.9,157.483,125.682,12.72563559,3.72
MY_BE_MO_03_16_010,Holocentridae,Myripristis,Myripristis berndti,Moorea,53.2,154.092,120.559,12.57188128,3.72
MY_BE_MO_03_16_011,Holocentridae,Myripristis,Myripristis berndti,Moorea,53.6,149.816,116.733,12.41316715,3.72
MY_BE_MO_03_16_012,Holocentridae,Myripristis,Myripristis berndti,Moorea,49.5,146.719,115.271,12.09871479,3.72
MY_BE_MO_03_16_013,Holocentridae,Myripristis,Myripristis berndti,Moorea,210.3,226.37,186.222,12.09036355,3.72
MY_BE_MO_03_16_014,Holocentridae,Myripristis,Myripristis berndti,Moorea,174.4,220.856,180.378,12.40263756,3.72
MY_BE_MO_03_16_015,Holocentridae,Myripristis,Myripristis berndti,Moorea,203.6,227.692,191.12,12.50177216,3.72
NA_UN_MO_03_16_001,Acanthuridae,Naso,Naso unicornis,Moorea,349.7,297.193,247.317,6.608269311,2.17
NA_UN_MO_03_16_002,Acanthuridae,Naso,Naso unicornis,Moorea,323.6,283.725,234.474,6.942191988,2.17
NA_UN_MO_03_16_003,Acanthuridae,Naso,Naso unicornis,Moorea,290.5,264.241,223.756,6.635102383,2.17
NA_UN_MO_03_16_004,Acanthuridae,Naso,Naso unicornis,Moorea,242.5,244.49,209.436,6.704669607,2.17
NA_UN_MO_03_16_005,Acanthuridae,Naso,Naso unicornis,Moorea,227.8,251.681,221.163,6.179933971,2.17
NA_UN_MO_03_16_008,Acanthuridae,Naso,Naso unicornis,Moorea,2252.2,556.267,451.482,7.659046782,2.17
NA_UN_MO_03_16_009,Acanthuridae,Naso,Naso unicornis,Moorea,50.6,141.882,114.868,6.32469502,2.17
OD_NI_MO_03_16_001,Balistidae,Odonus,Odonus niger,Moorea,179,262.057,183.832,12.22331207,3.22
OD_NI_MO_03_16_002,Balistidae,Odonus,Odonus niger,Moorea,91,203.825,143.345,11.74426572,3.22
OD_NI_MO_03_16_003,Balistidae,Odonus,Odonus niger,Moorea,108,219.141,146.424,11.99916202,3.22
OD_NI_MO_03_16_004,Balistidae,Odonus,Odonus niger,Moorea,119,198.592,161.421,12.64185773,3.22
OD_NI_MO_03_16_005,Balistidae,Odonus,Odonus niger,Moorea,196,293.074,181.261,12.72517014,3.22
OD_NI_MO_03_16_006,Balistidae,Odonus,Odonus niger,Moorea,186,290.242,182.675,12.76583453,3.22
OD_NI_MO_03_16_007,Balistidae,Odonus,Odonus niger,Moorea,170,268.171,187.265,12.71624381,3.22
OD_NI_MO_03_16_008,Balistidae,Odonus,Odonus niger,Moorea,182,289.603,184.308,12.4603557,3.22
OD_NI_MO_03_16_009,Balistidae,Odonus,Odonus niger,Moorea,103,214.658,153.45,12.25207468,3.22
OD_NI_MO_03_16_010,Balistidae,Odonus,Odonus niger,Moorea,103,209.178,145.894,11.91287417,3.22
OD_NI_MO_03_16_011,Balistidae,Odonus,Odonus niger,Moorea,170,249.711,182.96,12.33340346,3.22
OD_NI_MO_03_16_012,Balistidae,Odonus,Odonus niger,Moorea,157,259.225,177.298,11.59152631,3.22
OD_NI_MO_03_16_013,Balistidae,Odonus,Odonus niger,Moorea,66,181.96,125.284,11.27712115,3.22
OD_NI_MO_03_16_014,Balistidae,Odonus,Odonus niger,Moorea,67,175.686,124.85,11.197776,3.22
PA_MU_MO_03_16_001,Mullidae,Parupeneus,Parupeneus multifasciatus,Moorea,194.2,258.442,220.262,10.07000034,3.61
PA_MU_MO_03_16_002,Mullidae,Parupeneus,Parupeneus multifasciatus,Moorea,107.6,202.431,171.262,9.884618629,3.61
PA_MU_MO_03_16_004,Mullidae,Parupeneus,Parupeneus multifasciatus,Moorea,2.3,66.69,57.385,13.5793653,3.61
PA_MU_MO_03_16_005,Mullidae,Parupeneus,Parupeneus multifasciatus,Moorea,2.2,65.218,54.967,9.247183129,3.61
RH_AC_MO_03_16_001,Balistidae,Rhinecanthus,Rhinecanthus aculeatus,Moorea,120.3,182.306,159.585,8.549194873,3.22
RH_AC_MO_03_16_002,Balistidae,Rhinecanthus,Rhinecanthus aculeatus,Moorea,101.5,166.89,146.637,8.861253565,3.22
RH_AC_MO_03_16_003,Balistidae,Rhinecanthus,Rhinecanthus aculeatus,Moorea,98.7,169.71,150.548,9.034177809,3.22
RH_AC_MO_03_16_004,Balistidae,Rhinecanthus,Rhinecanthus aculeatus,Moorea,105.9,173.831,152.127,8.803612151,3.22
RH_AC_MO_03_16_005,Balistidae,Rhinecanthus,Rhinecanthus aculeatus,Moorea,103.5,168.119,148.982,8.386208804,3.22
RH_AC_MO_03_16_006,Balistidae,Rhinecanthus,Rhinecanthus aculeatus,Moorea,33.4,120.359,104.599,8.23316091,3.22
RH_AC_MO_03_16_007,Balistidae,Rhinecanthus,Rhinecanthus aculeatus,Moorea,2.5,47.971,40.219,7.93203421,3.22
SA_MI_MO_03_16_001,Holocentridae,Sargocentron,Sargocentron microstoma,Moorea,114,182.467,156.484,11.83584452,3.61
SA_MI_MO_03_16_002,Holocentridae,Sargocentron,Sargocentron microstoma,Moorea,86,174.672,149.089,12.31893064,3.61
SA_MI_MO_03_16_003,Holocentridae,Sargocentron,Sargocentron microstoma,Moorea,81,178.864,148.134,11.81302937,3.61
SA_MI_MO_03_16_004,Holocentridae,Sargocentron,Sargocentron microstoma,Moorea,109,184.991,153.548,10.85082498,3.61
SA_MI_MO_03_16_005,Holocentridae,Sargocentron,Sargocentron microstoma,Moorea,104,168.888,141.449,11.41426013,3.61
SA_MI_MO_03_16_006,Holocentridae,Sargocentron,Sargocentron microstoma,Moorea,97,180.119,147.2,11.22479514,3.61
SA_MI_MO_03_16_007,Holocentridae,Sargocentron,Sargocentron microstoma,Moorea,82,170.095,142.89,12.12351387,3.61
SA_MI_MO_03_16_008,Holocentridae,Sargocentron,Sargocentron microstoma,Moorea,150,203.989,168.673,11.67911432,3.61
SA_MI_MO_03_16_009,Holocentridae,Sargocentron,Sargocentron microstoma,Moorea,101,196.422,162.89,12.11161031,3.61
SA_MI_MO_03_16_010,Holocentridae,Sargocentron,Sargocentron microstoma,Moorea,107,173.338,143.641,12.06201215,3.61
SA_MI_MO_03_16_011,Holocentridae,Sargocentron,Sargocentron microstoma,Moorea,73,195.381,163.619,11.9092498,3.61
SA_MI_MO_03_16_012,Holocentridae,Sargocentron,Sargocentron microstoma,Moorea,76,173.583,144.511,12.10367461,3.61
SA_MI_MO_03_16_013,Holocentridae,Sargocentron,Sargocentron microstoma,Moorea,93,174.641,142.165,11.42814761,3.61
SA_MI_MO_03_16_014,Holocentridae,Sargocentron,Sargocentron microstoma,Moorea,45.7,163.766,137.599,12.45716159,3.61
SA_MI_MO_03_16_015,Holocentridae,Sargocentron,Sargocentron microstoma,Moorea,45.7,163.549,138.763,12.68616252,3.61
SA_MI_MO_03_16_017,Holocentridae,Sargocentron,Sargocentron microstoma,Moorea,33.6,132.237,113.086,12.78827116,3.61
SC_AL_MO_03_16_004,Labridae,Scarus,Scarus altipinnis,Moorea,295.9,265.141,236.847,5.148958624,2
SC_AL_MO_03_16_005,Labridae,Scarus,Scarus altipinnis,Moorea,660.6,349.08,303.785,6.611194024,2
SC_PS_MO_03_16_001,Labridae,Scarus,Scarus psittacus,Moorea,134.6,203.913,182.608,5.243757894,2
SC_PS_MO_03_16_002,Labridae,Scarus,Scarus psittacus,Moorea,136.8,200.01,172.464,5.212949552,2
SC_PS_MO_03_16_003,Labridae,Scarus,Scarus psittacus,Moorea,112.7,195.276,171.429,5.845017477,2
SC_PS_MO_03_16_004,Labridae,Scarus,Scarus psittacus,Moorea,8,77.285,65.335,5.72079029,2
SC_PS_MO_03_16_005,Labridae,Scarus,Scarus psittacus,Moorea,6.4,73.862,66.147,5.745635727,2
SC_PS_MO_03_16_006,Labridae,Scarus,Scarus psittacus,Moorea,5.9,74.497,63.298,6.160057622,2
SC_PS_MO_03_16_007,Labridae,Scarus,Scarus psittacus,Moorea,3.7,61.714,53.271,6.173971067,2
SC_PS_MO_03_16_008,Labridae,Scarus,Scarus psittacus,Moorea,4.7,63.116,54.996,5.965269393,2
SC_PS_MO_03_16_009,Labridae,Scarus,Scarus psittacus,Moorea,5,64.698,54.767,5.553828951,2
SC_PS_MO_03_16_010,Labridae,Scarus,Scarus psittacus,Moorea,3.5,67.38,57.566,6.108379112,2
SC_PS_MO_03_16_011,Labridae,Scarus,Scarus psittacus,Moorea,5,59.789,50.369,5.970238481,2
SC_PS_MO_03_16_012,Labridae,Scarus,Scarus psittacus,Moorea,NA,53.805,45.804,6.02589226,2
SI_SP_MO_03_16_001,Siganidae,Siganus,Siganus spinus,Moorea,150.2,253.672,205.904,6.060005629,2.04
SI_SP_MO_03_16_002,Siganidae,Siganus,Siganus spinus,Moorea,132.9,212.582,182.92,6.871918031,2.04
SI_SP_MO_03_16_005,Siganidae,Siganus,Siganus spinus,Moorea,103.9,196.658,165.425,7.510344877,2.04
SI_SP_MO_03_16_007,Siganidae,Siganus,Siganus spinus,Moorea,81.4,180.239,149.994,8.034766929,2.04
SI_SP_MO_03_16_008,Siganidae,Siganus,Siganus spinus,Moorea,148.3,220.861,185.417,9.38200619,2.04
ST_FA_MO_03_16_001,Pomacentridae,Stegastes,Stegastes fasciolatus,Moorea,9.2,84.278,65.701,10.50619259,2
ST_FA_MO_03_16_002,Pomacentridae,Stegastes,Stegastes fasciolatus,Moorea,6.8,77.671,61.096,10.71239257,2
ST_FA_MO_03_16_003,Pomacentridae,Stegastes,Stegastes fasciolatus,Moorea,7.3,82.665,61.998,11.23384058,2
ST_FA_MO_03_16_004,Pomacentridae,Stegastes,Stegastes fasciolatus,Moorea,7.3,NA,57.692,10.38822241,2
ST_FA_MO_03_16_005,Pomacentridae,Stegastes,Stegastes fasciolatus,Moorea,6.1,NA,56.55,11.08613002,2
ST_FA_MO_03_16_006,Pomacentridae,Stegastes,Stegastes fasciolatus,Moorea,8,NA,60.193,10.85217236,2
ST_FA_MO_03_16_007,Pomacentridae,Stegastes,Stegastes fasciolatus,Moorea,5.4,NA,46.773,10.68661757,2
ST_NI_MO_03_16_001,Pomacentridae,Stegastes,Stegastes nigricans,Moorea,56,138.094,106.293,8.480204618,2.93
ST_NI_MO_03_16_002,Pomacentridae,Stegastes,Stegastes nigricans,Moorea,45.1,130.706,104.241,8.693444708,2.93
ST_NI_MO_03_16_003,Pomacentridae,Stegastes,Stegastes nigricans,Moorea,40.5,132.396,103.981,8.477229174,2.93
ST_NI_MO_03_16_004,Pomacentridae,Stegastes,Stegastes nigricans,Moorea,51.6,126.091,102.221,9.103064045,2.93
ST_NI_MO_03_16_005,Pomacentridae,Stegastes,Stegastes nigricans,Moorea,28.4,112.159,90.039,7.832549831,2.93
ST_NI_MO_03_16_006,Pomacentridae,Stegastes,Stegastes nigricans,Moorea,8,79.997,60.144,8.289776258,2.93
ST_NI_MO_03_16_007,Pomacentridae,Stegastes,Stegastes nigricans,Moorea,4.6,68.823,55.465,7.787918184,2.93
ST_NI_MO_03_16_008,Pomacentridae,Stegastes,Stegastes nigricans,Moorea,4.2,60.66,47.167,8.282632036,2.93
ST_NI_MO_03_16_009,Pomacentridae,Stegastes,Stegastes nigricans,Moorea,2.8,54.627,42.436,8.014801949,2.93
ST_NI_MO_03_16_010,Pomacentridae,Stegastes,Stegastes nigricans,Moorea,3.1,57.814,45.772,7.863031567,2.93
TH_HA_MO_03_16_001,Labridae,Thalassoma,Thalassoma hardwicke,Moorea,15.2,105.951,90.131,8.489565823,3.5
TH_HA_MO_03_16_002,Labridae,Thalassoma,Thalassoma hardwicke,Moorea,3.2,64.371,56.047,7.905201138,3.5
TH_HA_MO_03_16_003,Labridae,Thalassoma,Thalassoma hardwicke,Moorea,1.1,45.406,39.082,7.802837936,3.5
